{"type":"FeatureCollection","features":[{"type":"Feature","properties":{"GISCO_ID":"LU_0503","CNTR_CODE":"LU","LAU_ID":"0503","LAU_NAME":"Parc Hosingen","POP_2021":3732.0,"POP_DENS_2021":52.82319688,"AREA_KM2":70.65077883,"YEAR":2021},"geometry":{"type":"MultiPolygon","coordinates":[[[[6.137515500000063,50.011723999000026],[6.147202824000033,50.00854680600003],[6.142978653000057,49.99695227700005],[6.153522500000065,49.98942149900006],[6.167516896000052,49.98581628200003],[6.168425500000069,49.980691499000045],[6.166236,49.976818999000045],[6.154583072000037,49.97889503300007],[6.124469081000029,49.97176050400003],[6.115407988000072,49.98183620900005],[6.098450840000055,49.98419032500004],[6.097209863000046,49.98117639900005],[6.102401088000022,49.97732503000003],[6.099050456000043,49.968945860000076],[6.100320726000064,49.96444277400008],[6.093175788000053,49.95547139300004],[6.091874694000069,49.94053146400006],[6.087576,49.93421599900006],[6.078811782000059,49.93271203200004],[6.065869579000037,49.93570082200006],[6.064539723000053,49.95053287600007],[6.061280193000073,49.95460147800003],[6.040396500000043,49.94712899900003],[6.041102845000069,49.95374774600003],[6.037801042000069,49.95793168100005],[6.041438262000042,49.961741431000064],[6.027672900000027,49.964871498000036],[6.024579562000042,49.96815038600005],[6.036643924000032,49.984036966000076],[6.052055282000026,49.98800657100003],[6.05265619000005,49.992333959000064],[6.060245070000065,50.00065331800005],[6.05873172500003,50.00274804500003],[6.045506467000052,49.99797624000007],[6.040102,50.00553799900007],[6.038447204000022,50.00842625000007],[6.041130732000056,50.011353737000036],[6.037023884000064,50.01603942100007],[6.04748144000007,50.02243419500007],[6.05413397600006,50.033499120000045],[6.059673277000059,50.03072720700004],[6.071586258000025,50.043416895000064],[6.098069294000027,50.047246751000046],[6.116835500000036,50.056710999000074],[6.122698162000063,50.05925573800005],[6.12248158500006,50.053741408000064],[6.133468500000049,50.04191799900008],[6.130621574000031,50.02994726900005],[6.145436500000073,50.023096499000076],[6.135895294000022,50.014806830000055],[6.137515500000063,50.011723999000026]],[[6.128354921000039,50.01860323500006],[6.13284046800004,50.01495451000005],[6.136114306000024,50.01516044200008],[6.132742009000026,50.020198159000074],[6.128354921000039,50.01860323500006]]],[[[6.056003215000032,50.03762370000004],[6.060552235000046,50.04015714900004],[6.064238616000068,50.038367909000044],[6.059830403000035,50.03519252000007],[6.056003215000032,50.03762370000004]]]]}},{"type":"Feature","properties":{"GISCO_ID":"LU_0504","CNTR_CODE":"LU","LAU_ID":"0504","LAU_NAME":"Troisvierges","POP_2021":3367.0,"POP_DENS_2021":88.33668025,"AREA_KM2":38.11553695,"YEAR":2021},"geometry":{"type":"Polygon","coordinates":[[[5.95415550000007,50.13019849900007],[5.960350050000045,50.132475853000074],[5.960044938000067,50.15043054700004],[5.966171840000072,50.155319716000065],[5.962888332000034,50.16106753200006],[5.965454530000045,50.17205942800007],[5.973337919000073,50.174969513000065],[6.002007957000046,50.176229824000075],[6.010352524000041,50.17861735200006],[6.02489950000006,50.18277949900005],[6.030776207000031,50.16492731100004],[6.045673,50.157883999000035],[6.050156132000041,50.144773143000066],[6.015094135000027,50.119608336000056],[6.009853,50.10654899900004],[5.984619015000021,50.11415120300006],[5.963370441000052,50.10862842700004],[5.956060270000023,50.11806540500004],[5.95415550000007,50.13019849900007]]]}},{"type":"Feature","properties":{"GISCO_ID":"LU_0505","CNTR_CODE":"LU","LAU_ID":"0505","LAU_NAME":"Weiswampach","POP_2021":2104.0,"POP_DENS_2021":59.83869828,"AREA_KM2":35.16119268,"YEAR":2021},"geometry":{"type":"Polygon","coordinates":[[[6.026932,50.09433799900006],[6.010352524000041,50.09773751200004],[6.008176334000041,50.09818372600006],[6.006820137000034,50.10221119800008],[6.009853,50.10654899900004],[6.015094135000027,50.119608336000056],[6.050156132000041,50.144773143000066],[6.045673,50.157883999000035],[6.064005568000027,50.15403440000006],[6.078650949000064,50.15759728300003],[6.081643175000067,50.17120412100007],[6.10424503400003,50.16979988800006],[6.119183071000066,50.16248336900003],[6.116075778000038,50.15630552600004],[6.121781189000046,50.149625394000054],[6.115843810000058,50.144939117000035],[6.112317500000074,50.13611999900007],[6.08275334700005,50.119115683000075],[6.074727236000058,50.10981085600008],[6.055959638000047,50.099583833000054],[6.026932,50.09433799900006]]]}},{"type":"Feature","properties":{"GISCO_ID":"LU_0601","CNTR_CODE":"LU","LAU_ID":"0601","LAU_NAME":"Bettendorf","POP_2021":2902.0,"POP_DENS_2021":124.82972158,"AREA_KM2":23.24766861,"YEAR":2021},"geometry":{"type":"Polygon","coordinates":[[[6.228663500000039,49.89273449900003],[6.248832807000042,49.88321675000003],[6.25115951600003,49.874996886000076],[6.246305530000029,49.867543408000074],[6.249533727000028,49.85927914200005],[6.243524,49.85456799900004],[6.23412259600002,49.84956430700004],[6.218689159000064,49.849651520000066],[6.20175974700004,49.854068762000054],[6.187719697000034,49.84657200500004],[6.171010774000024,49.84376680300005],[6.163489,49.84250399900003],[6.156050932000028,49.84468052500006],[6.158703463000052,49.85599943700004],[6.165753549000044,49.86220860200007],[6.171010774000024,49.86363578500004],[6.174960853000073,49.86470811600003],[6.177336770000068,49.871511429000066],[6.180697500000065,49.872442499000044],[6.188997007000069,49.87330825500004],[6.188861209000038,49.87972618900005],[6.192999652000026,49.88597172800007],[6.19836140700005,49.88525348100006],[6.217742875000056,49.89275526900008],[6.228663500000039,49.89273449900003]]]}},{"type":"Feature","properties":{"GISCO_ID":"LU_0602","CNTR_CODE":"LU","LAU_ID":"0602","LAU_NAME":"Bourscheid","POP_2021":1701.0,"POP_DENS_2021":46.14801445,"AREA_KM2":36.85965735,"YEAR":2021},"geometry":{"type":"Polygon","coordinates":[[[6.117089272000044,49.91919826700007],[6.113706831000059,49.90922732200005],[6.120910341000069,49.90367259800007],[6.130174435000072,49.90211765600003],[6.125507,49.895241499000065],[6.108530550000069,49.89652411600008],[6.097250996000071,49.88759334000008],[6.08454285800002,49.90174122900004],[6.079394114000024,49.90257685300003],[6.073041179000029,49.897267871000054],[6.077391037000041,49.89126124900008],[6.075800500000071,49.87627549900003],[6.078365028000064,49.868813999000054],[6.062881,49.865151999000034],[6.054150562000075,49.87946143500005],[6.047878888000071,49.88237653900006],[6.041681632000063,49.88113638900006],[6.023062580000044,49.890105292000044],[6.019908620000024,49.88402790500004],[6.012271500000054,49.88004999900005],[6.012068875000068,49.89259518400007],[6.019011939000052,49.90000648900008],[6.017542646000038,49.903537836000055],[6.021291407000035,49.914062270000045],[6.03733,49.92016799900006],[6.03997318100005,49.92526391600006],[6.047597487000075,49.926208667000026],[6.037640500000066,49.940097999000045],[6.040396500000043,49.94712899900003],[6.061280193000073,49.95460147800003],[6.064539723000053,49.95053287600007],[6.065869579000037,49.93570082200006],[6.078811782000059,49.93271203200004],[6.087576,49.93421599900006],[6.093340024000042,49.93123765800004],[6.097457186000042,49.92420232500007],[6.117089272000044,49.91919826700007]]]}},{"type":"Feature","properties":{"GISCO_ID":"LU_0603","CNTR_CODE":"LU","LAU_ID":"0603","LAU_NAME":"Diekirch","POP_2021":7047.0,"POP_DENS_2021":565.80892402,"AREA_KM2":12.45473463,"YEAR":2021},"geometry":{"type":"Polygon","coordinates":[[[6.143240500000047,49.83624849900008],[6.151810320000038,49.84287541300006],[6.152501569000037,49.84732052500004],[6.145787218000066,49.857835339000076],[6.131199803000072,49.86423494300004],[6.130166590000044,49.87592689300004],[6.118347218000054,49.87801629300003],[6.121102060000055,49.887641881000036],[6.127553,49.89338649900003],[6.13559594700007,49.89786782600004],[6.143651646000023,49.89582217800006],[6.14531375200005,49.894073897000055],[6.142368244000068,49.89090100800007],[6.171010774000024,49.877107409000075],[6.180697500000065,49.872442499000044],[6.177336770000068,49.871511429000066],[6.174960853000073,49.86470811600003],[6.171010774000024,49.86363578500004],[6.165753549000044,49.86220860200007],[6.158703463000052,49.85599943700004],[6.156050932000028,49.84468052500006],[6.163489,49.84250399900003],[6.15125088800005,49.83541508400003],[6.143240500000047,49.83624849900008]]]}},{"type":"Feature","properties":{"GISCO_ID":"LU_0604","CNTR_CODE":"LU","LAU_ID":"0604","LAU_NAME":"Erpeldange-sur-S\u00fbre","POP_2021":2452.0,"POP_DENS_2021":136.88867944,"AREA_KM2":17.91236507,"YEAR":2021},"geometry":{"type":"Polygon","coordinates":[[[6.143240500000047,49.83624849900008],[6.14275,49.83504499900005],[6.131136019000053,49.84219484300007],[6.116403500000047,49.843394999000054],[6.116086322000058,49.84707108100008],[6.103508432000069,49.858854543000064],[6.095434021000074,49.87109007600003],[6.075800500000071,49.87627549900003],[6.077391037000041,49.89126124900008],[6.073041179000029,49.897267871000054],[6.079394114000024,49.90257685300003],[6.08454285800002,49.90174122900004],[6.097250996000071,49.88759334000008],[6.108530550000069,49.89652411600008],[6.125507,49.895241499000065],[6.127553,49.89338649900003],[6.121102060000055,49.887641881000036],[6.118347218000054,49.87801629300003],[6.130166590000044,49.87592689300004],[6.131199803000072,49.86423494300004],[6.145787218000066,49.857835339000076],[6.152501569000037,49.84732052500004],[6.151810320000038,49.84287541300006],[6.143240500000047,49.83624849900008]]]}},{"type":"Feature","properties":{"GISCO_ID":"LU_0605","CNTR_CODE":"LU","LAU_ID":"0605","LAU_NAME":"Ettelbruck","POP_2021":9246.0,"POP_DENS_2021":607.86287951,"AREA_KM2":15.21066726,"YEAR":2021},"geometry":{"type":"Polygon","coordinates":[[[6.072496500000057,49.830002999000044],[6.062057073000062,49.83090921400003],[6.048960202000046,49.82541602300006],[6.04155350000002,49.82647499900003],[6.039262500000063,49.829191999000045],[6.038106,49.83262949900006],[6.051931029000059,49.837474479000036],[6.057342955000024,49.83599865300005],[6.056925011000033,49.84118736000005],[6.06785179700006,49.852282271000036],[6.062881,49.865151999000034],[6.078365028000064,49.868813999000054],[6.075800500000071,49.87627549900003],[6.095434021000074,49.87109007600003],[6.103508432000069,49.858854543000064],[6.116086322000058,49.84707108100008],[6.116403500000047,49.843394999000054],[6.112766563000037,49.83767764800007],[6.09416879500003,49.836821185000076],[6.091297060000045,49.83033365000006],[6.072496500000057,49.830002999000044]]]}},{"type":"Feature","properties":{"GISCO_ID":"LU_0606","CNTR_CODE":"LU","LAU_ID":"0606","LAU_NAME":"Feulen","POP_2021":2263.0,"POP_DENS_2021":99.17620375,"AREA_KM2":22.81797361,"YEAR":2021},"geometry":{"type":"Polygon","coordinates":[[[6.062881,49.865151999000034],[6.06785179700006,49.852282271000036],[6.056925011000033,49.84118736000005],[6.057342955000024,49.83599865300005],[6.051931029000059,49.837474479000036],[6.038106,49.83262949900006],[6.031277930000044,49.83800860700006],[6.010352524000041,49.84548313200003],[5.992254305000074,49.851947790000054],[5.986767500000042,49.85737149900007],[5.986357403000056,49.86200846300005],[5.996639341000048,49.86522046700003],[5.994066088000068,49.87374845700003],[5.996131117000061,49.87707243500006],[6.010352524000041,49.87969598800004],[6.012271500000054,49.88004999900005],[6.019908620000024,49.88402790500004],[6.023062580000044,49.890105292000044],[6.041681632000063,49.88113638900006],[6.047878888000071,49.88237653900006],[6.054150562000075,49.87946143500005],[6.062881,49.865151999000034]]]}},{"type":"Feature","properties":{"GISCO_ID":"LU_0607","CNTR_CODE":"LU","LAU_ID":"0607","LAU_NAME":"Mertzig","POP_2021":2285.0,"POP_DENS_2021":205.93512103,"AREA_KM2":11.09572757,"YEAR":2021},"geometry":{"type":"Polygon","coordinates":[[[5.985951,49.81694099900005],[5.980626702000052,49.81902524900005],[5.983418485000072,49.82469476500006],[5.971248932000037,49.842951182000036],[5.974451728000076,49.846517110000036],[5.985875696000051,49.84672940000007],[5.982693,49.85295999900006],[5.982604009000056,49.85611248400005],[5.986767500000042,49.85737149900007],[5.992254305000074,49.851947790000054],[6.010352524000041,49.84548313200003],[6.031277930000044,49.83800860700006],[6.038106,49.83262949900006],[6.039262500000063,49.829191999000045],[6.04155350000002,49.82647499900003],[6.04034850000005,49.82608799900004],[6.035587623000026,49.82572406700007],[6.031140662000041,49.83091587000007],[6.027900905000024,49.82976319900007],[6.027732768000021,49.82606972500008],[6.018153506000033,49.82657404200006],[6.010352524000041,49.823321484000076],[6.000003939000067,49.819006724000076],[5.985951,49.81694099900005]]]}},{"type":"Feature","properties":{"GISCO_ID":"LU_0608","CNTR_CODE":"LU","LAU_ID":"0608","LAU_NAME":"Reisdorf","POP_2021":1288.0,"POP_DENS_2021":86.63877351,"AREA_KM2":14.8663231,"YEAR":2021},"geometry":{"type":"Polygon","coordinates":[[[6.235510500000032,49.89918849900005],[6.245091,49.89563099900005],[6.259113500000069,49.88359249900003],[6.273767777000046,49.87755709000004],[6.282603809000022,49.877991989000066],[6.291104085000029,49.87376045100007],[6.296986982000021,49.86696138000008],[6.310889551000059,49.869261410000036],[6.314417,49.85989049900007],[6.308627125000044,49.857134667000025],[6.310031898000034,49.849530859000026],[6.307312760000059,49.84699758100004],[6.268674,49.84853499900004],[6.255196622000028,49.85692932500007],[6.243524,49.85456799900004],[6.249533727000028,49.85927914200005],[6.246305530000029,49.867543408000074],[6.25115951600003,49.874996886000076],[6.248832807000042,49.88321675000003],[6.228663500000039,49.89273449900003],[6.235510500000032,49.89918849900005]]]}},{"type":"Feature","properties":{"GISCO_ID":"LU_0609","CNTR_CODE":"LU","LAU_ID":"0609","LAU_NAME":"Schieren","POP_2021":2073.0,"POP_DENS_2021":199.27595097,"AREA_KM2":10.40266018,"YEAR":2021},"geometry":{"type":"Polygon","coordinates":[[[6.145716,49.826737999000045],[6.10933650000004,49.81037999900008],[6.10532986000004,49.81406602800007],[6.096440636000068,49.81571500800004],[6.092104514000027,49.822144567000066],[6.074409975000037,49.82528696900005],[6.072496500000057,49.830002999000044],[6.091297060000045,49.83033365000006],[6.09416879500003,49.836821185000076],[6.112766563000037,49.83767764800007],[6.116403500000047,49.843394999000054],[6.131136019000053,49.84219484300007],[6.14275,49.83504499900005],[6.146333918000039,49.83160369600006],[6.145716,49.826737999000045]]]}},{"type":"Feature","properties":{"GISCO_ID":"LU_0610","CNTR_CODE":"LU","LAU_ID":"0610","LAU_NAME":"Vall\u00e9e de l'Ernz","POP_2021":2687.0,"POP_DENS_2021":67.31370212,"AREA_KM2":39.91757867,"YEAR":2021},"geometry":{"type":"Polygon","coordinates":[[[6.196732,49.801795499000036],[6.189667491000023,49.806527370000026],[6.190859350000039,49.812509549000026],[6.187407266000037,49.822385616000076],[6.171010774000024,49.82235102700008],[6.162956586000064,49.822334037000076],[6.152554316000021,49.81895093700007],[6.145716,49.826737999000045],[6.146333918000039,49.83160369600006],[6.14275,49.83504499900005],[6.143240500000047,49.83624849900008],[6.15125088800005,49.83541508400003],[6.163489,49.84250399900003],[6.171010774000024,49.84376680300005],[6.187719697000034,49.84657200500004],[6.20175974700004,49.854068762000054],[6.218689159000064,49.849651520000066],[6.23412259600002,49.84956430700004],[6.243524,49.85456799900004],[6.255196622000028,49.85692932500007],[6.268674,49.84853499900004],[6.263930880000032,49.84489339900006],[6.267664289000038,49.83890020100006],[6.255129595000028,49.827565797000034],[6.257593494000048,49.82317308800003],[6.270428500000037,49.82127349900003],[6.263450753000029,49.81244107400005],[6.254039873000067,49.80995646000008],[6.256928467000023,49.80197807300004],[6.245363422000025,49.79585581200007],[6.250714794000032,49.78780025400005],[6.248574,49.785378499000046],[6.244957683000052,49.788053285000046],[6.238525605000063,49.78665874700005],[6.235577500000034,49.791840999000044],[6.229873499000064,49.79605181100004],[6.215961686000071,49.79095939300004],[6.196732,49.801795499000036]]]}},{"type":"Feature","properties":{"GISCO_ID":"LU_0701","CNTR_CODE":"LU","LAU_ID":"0701","LAU_NAME":"Beckerich","POP_2021":2784.0,"POP_DENS_2021":97.52004228,"AREA_KM2":28.54797778,"YEAR":2021},"geometry":{"type":"Polygon","coordinates":[[[5.886318500000073,49.70938299900007],[5.869031957000061,49.724482081000076],[5.861282671000026,49.72696118400006],[5.843751921000035,49.72154700500005],[5.826179,49.72360849900008],[5.827640100000053,49.73818192400006],[5.831383,49.745250499000065],[5.839566303000026,49.74464954200005],[5.869031957000061,49.75109887800005],[5.888591557000041,49.74457276800007],[5.907637631000057,49.74311822900006],[5.931813500000032,49.75595199900005],[5.933496578000074,49.75297372000006],[5.935789212000032,49.74891680300004],[5.944446525000046,49.74401146900004],[5.943602549000047,49.738529897000035],[5.938421092000056,49.73265476200004],[5.941932,49.73152599900004],[5.945114305000061,49.72611918200005],[5.943009959000051,49.72038763100005],[5.933496578000074,49.71628395700003],[5.922551517000045,49.71156271600006],[5.927342857000042,49.707596194000075],[5.927788500000077,49.70357049900008],[5.913613765000036,49.70402128900008],[5.907228198000041,49.71154026200003],[5.886318500000073,49.70938299900007]]]}},{"type":"Feature","properties":{"GISCO_ID":"LU_0702","CNTR_CODE":"LU","LAU_ID":"0702","LAU_NAME":"Preizerdaul","POP_2021":1725.0,"POP_DENS_2021":109.61011207,"AREA_KM2":15.73759909,"YEAR":2021},"geometry":{"type":"Polygon","coordinates":[[[5.969144,49.81177799900007],[5.966116,49.809356999000045],[5.960814477000042,49.78853512100005],[5.932752,49.77873399900005],[5.92944533800005,49.78334626900005],[5.913239348000047,49.789929769000025],[5.903740895000055,49.79892644500006],[5.900981500000057,49.80758499900003],[5.907514,49.81944149900005],[5.910109421000072,49.824650621000046],[5.919788813000025,49.82499092900008],[5.933496578000074,49.81845902400005],[5.93717106500003,49.81670809000008],[5.946722500000021,49.815533499000026],[5.947741255000039,49.81308173100007],[5.96163124900005,49.81032039300004],[5.969144,49.81177799900007]]]}},{"type":"Feature","properties":{"GISCO_ID":"LU_0703","CNTR_CODE":"LU","LAU_ID":"0703","LAU_NAME":"Ell","POP_2021":1511.0,"POP_DENS_2021":69.75900226,"AREA_KM2":21.66028686,"YEAR":2021},"geometry":{"type":"Polygon","coordinates":[[[5.831383,49.745250499000065],[5.829541777000031,49.74905172500007],[5.818637562000049,49.75381221600003],[5.81544434400007,49.76179342700004],[5.793362800000068,49.78620162400006],[5.79344750000007,49.79054649900007],[5.803613053000049,49.794034527000065],[5.811027912000043,49.81523696900007],[5.820732127000042,49.81883594200008],[5.834435,49.81379849900003],[5.833811553000032,49.806215878000046],[5.82851002700005,49.79818908500005],[5.83089510800005,49.787353161000055],[5.839332819000049,49.78116511200005],[5.855690845000026,49.775652996000076],[5.867531156000041,49.766635509000025],[5.868503104000069,49.76301161500004],[5.864114306000033,49.75888369200004],[5.869031957000061,49.75109887800005],[5.839566303000026,49.74464954200005],[5.831383,49.745250499000065]]]}},{"type":"Feature","properties":{"GISCO_ID":"LU_0704","CNTR_CODE":"LU","LAU_ID":"0704","LAU_NAME":"Rambrouch","POP_2021":4589.0,"POP_DENS_2021":57.74707647,"AREA_KM2":79.46722641,"YEAR":2021},"geometry":{"type":"Polygon","coordinates":[[[5.745805220000022,49.81909560200006],[5.745417044000021,49.81963584700003],[5.745805220000022,49.82175261200007],[5.746642598000051,49.826318926000056],[5.745805220000022,49.82765164400007],[5.741242769000053,49.83491294700008],[5.745805220000022,49.83942651400008],[5.75478434200005,49.84830943000003],[5.746319,49.85359499900005],[5.758767656000032,49.85656313700008],[5.753796050000062,49.86878423700006],[5.755521791000035,49.87210453300003],[5.769686734000061,49.871381288000066],[5.77480209600003,49.86840514700003],[5.780340270000067,49.87229866300004],[5.780268609000075,49.875950499000055],[5.782788,49.87577549900004],[5.788996902000065,49.87485774600003],[5.794896677000054,49.87815498900005],[5.797407763000024,49.87261359100006],[5.806099214000028,49.86655585500006],[5.825683158000061,49.867378607000035],[5.842883896000046,49.87382823000007],[5.841645576000076,49.883255158000054],[5.851447897000071,49.88351345700005],[5.856799,49.88869099900006],[5.876754376000065,49.87592231800005],[5.877939500000025,49.86981099900004],[5.874205212000049,49.866065064000054],[5.873059109000053,49.85339916000004],[5.869204333000027,49.84979774700008],[5.879266080000036,49.84772984500006],[5.874706523000043,49.84164005100007],[5.880061643000033,49.83865691400007],[5.883854528000029,49.831700839000064],[5.907514,49.81944149900005],[5.900981500000057,49.80758499900003],[5.88706095200007,49.79847153500003],[5.874388560000057,49.797663689000046],[5.869031957000061,49.79417530400008],[5.852946532000033,49.799292696000066],[5.849755338000023,49.80560909400003],[5.834435,49.81379849900003],[5.820732127000042,49.81883594200008],[5.811027912000043,49.81523696900007],[5.803613053000049,49.794034527000065],[5.79344750000007,49.79054649900007],[5.787720187000048,49.795989778000035],[5.781006507000029,49.79303902300006],[5.755377500000066,49.79143349900005],[5.750352783000039,49.81276650600006],[5.745805220000022,49.81909560200006]]]}},{"type":"Feature","properties":{"GISCO_ID":"LU_0705","CNTR_CODE":"LU","LAU_ID":"0705","LAU_NAME":"Grosbous","POP_2021":1112.0,"POP_DENS_2021":54.63992145,"AREA_KM2":20.35142018,"YEAR":2021},"geometry":{"type":"Polygon","coordinates":[[[5.985951,49.81694099900005],[5.983130645000074,49.81312595600008],[5.969144,49.81177799900007],[5.96163124900005,49.81032039300004],[5.947741255000039,49.81308173100007],[5.946722500000021,49.815533499000026],[5.948253674000057,49.82244071200006],[5.935462,49.83738464500004],[5.933496578000074,49.83822663300003],[5.922047368000051,49.84313147700004],[5.91630146500006,49.84871892900003],[5.925011500000039,49.85915399900006],[5.933496578000074,49.86765770900007],[5.935019758000067,49.869184235000034],[5.946028493000028,49.87046276600006],[5.963401626000064,49.86620114400006],[5.982693,49.85295999900006],[5.985875696000051,49.84672940000007],[5.974451728000076,49.846517110000036],[5.971248932000037,49.842951182000036],[5.983418485000072,49.82469476500006],[5.980626702000052,49.81902524900005],[5.985951,49.81694099900005]]]}},{"type":"Feature","properties":{"GISCO_ID":"LU_0706","CNTR_CODE":"LU","LAU_ID":"0706","LAU_NAME":"Redange-sur-Attert","POP_2021":2910.0,"POP_DENS_2021":89.99202606,"AREA_KM2":32.3361983,"YEAR":2021},"geometry":{"type":"Polygon","coordinates":[[[5.900981500000057,49.80758499900003],[5.903740895000055,49.79892644500006],[5.913239348000047,49.789929769000025],[5.92944533800005,49.78334626900005],[5.932752,49.77873399900005],[5.931592247000026,49.77329905600004],[5.924608263000039,49.766688472000055],[5.930022585000074,49.76501022000008],[5.931813500000032,49.75595199900005],[5.907637631000057,49.74311822900006],[5.888591557000041,49.74457276800007],[5.869031957000061,49.75109887800005],[5.864114306000033,49.75888369200004],[5.868503104000069,49.76301161500004],[5.867531156000041,49.766635509000025],[5.855690845000026,49.775652996000076],[5.839332819000049,49.78116511200005],[5.83089510800005,49.787353161000055],[5.82851002700005,49.79818908500005],[5.833811553000032,49.806215878000046],[5.834435,49.81379849900003],[5.849755338000023,49.80560909400003],[5.852946532000033,49.799292696000066],[5.869031957000061,49.79417530400008],[5.874388560000057,49.797663689000046],[5.88706095200007,49.79847153500003],[5.900981500000057,49.80758499900003]]]}},{"type":"Feature","properties":{"GISCO_ID":"LU_0707","CNTR_CODE":"LU","LAU_ID":"0707","LAU_NAME":"Saeul","POP_2021":874.0,"POP_DENS_2021":58.50469571,"AREA_KM2":14.93897181,"YEAR":2021},"geometry":{"type":"Polygon","coordinates":[[[5.927788500000077,49.70357049900008],[5.927342857000042,49.707596194000075],[5.922551517000045,49.71156271600006],[5.933496578000074,49.71628395700003],[5.943009959000051,49.72038763100005],[5.945114305000061,49.72611918200005],[5.941932,49.73152599900004],[5.950194789000022,49.738294514000074],[5.956264855000029,49.73708625800003],[5.955966475000025,49.74037960700008],[5.96884994800007,49.75208611100004],[5.98837450000002,49.75217499900003],[5.988430624000046,49.742217882000034],[5.997487561000071,49.74196190400005],[6.004465737000032,49.73650652100008],[6.004288311000039,49.725760499000046],[5.999495500000023,49.72087399900005],[5.985262224000053,49.72277139600004],[5.971133843000075,49.72049281500006],[5.933496578000074,49.70298990900005],[5.927788500000077,49.70357049900008]]]}},{"type":"Feature","properties":{"GISCO_ID":"LU_0708","CNTR_CODE":"LU","LAU_ID":"0708","LAU_NAME":"Useldange","POP_2021":1965.0,"POP_DENS_2021":81.88754992,"AREA_KM2":23.99632181,"YEAR":2021},"geometry":{"type":"Polygon","coordinates":[[[5.931813500000032,49.75595199900005],[5.930022585000074,49.76501022000008],[5.924608263000039,49.766688472000055],[5.931592247000026,49.77329905600004],[5.932752,49.77873399900005],[5.960814477000042,49.78853512100005],[5.966116,49.809356999000045],[5.973408329000051,49.80855050900004],[5.975744691000045,49.80223317100007],[6.005355500000064,49.787122999000076],[5.998629874000073,49.78228803600007],[6.000729905000071,49.77515611300004],[5.997417148000068,49.76924634800008],[5.998841450000043,49.76191355700007],[5.98837450000002,49.75217499900003],[5.96884994800007,49.75208611100004],[5.955966475000025,49.74037960700008],[5.956264855000029,49.73708625800003],[5.950194789000022,49.738294514000074],[5.941932,49.73152599900004],[5.938421092000056,49.73265476200004],[5.943602549000047,49.738529897000035],[5.944446525000046,49.74401146900004],[5.935789212000032,49.74891680300004],[5.933496578000074,49.75297372000006],[5.931813500000032,49.75595199900005]]]}},{"type":"Feature","properties":{"GISCO_ID":"LU_0709","CNTR_CODE":"LU","LAU_ID":"0709","LAU_NAME":"Vichten","POP_2021":1360.0,"POP_DENS_2021":109.37184483,"AREA_KM2":12.43464442,"YEAR":2021},"geometry":{"type":"Polygon","coordinates":[[[6.01360950000003,49.78696899900007],[6.010352524000041,49.787029766000046],[6.005355500000064,49.787122999000076],[5.975744691000045,49.80223317100007],[5.973408329000051,49.80855050900004],[5.966116,49.809356999000045],[5.969144,49.81177799900007],[5.983130645000074,49.81312595600008],[5.985951,49.81694099900005],[6.000003939000067,49.819006724000076],[6.010352524000041,49.823321484000076],[6.018153506000033,49.82657404200006],[6.027732768000021,49.82606972500008],[6.027900905000024,49.82976319900007],[6.031140662000041,49.83091587000007],[6.035587623000026,49.82572406700007],[6.04034850000005,49.82608799900004],[6.04076550000002,49.822820999000044],[6.03310790300003,49.81994249600007],[6.028982848000055,49.812935468000035],[6.034527637000053,49.803855690000034],[6.016315861000066,49.795349043000044],[6.01360950000003,49.78696899900007]]]}},{"type":"Feature","properties":{"GISCO_ID":"LU_0710","CNTR_CODE":"LU","LAU_ID":"0710","LAU_NAME":"Wahl","POP_2021":1036.0,"POP_DENS_2021":51.5651671,"AREA_KM2":20.09108199,"YEAR":2021},"geometry":{"type":"Polygon","coordinates":[[[5.907514,49.81944149900005],[5.883854528000029,49.831700839000064],[5.880061643000033,49.83865691400007],[5.874706523000043,49.84164005100007],[5.879266080000036,49.84772984500006],[5.869204333000027,49.84979774700008],[5.873059109000053,49.85339916000004],[5.874205212000049,49.866065064000054],[5.877939500000025,49.86981099900004],[5.882358211000053,49.86457848800006],[5.895576856000048,49.87216555800006],[5.893233941000062,49.880975370000044],[5.900081939000074,49.88759745200008],[5.919581269000048,49.86595529300007],[5.912205976000052,49.86364763800003],[5.911508816000037,49.861006416000066],[5.925011500000039,49.85915399900006],[5.91630146500006,49.84871892900003],[5.922047368000051,49.84313147700004],[5.933496578000074,49.83822663300003],[5.935462,49.83738464500004],[5.948253674000057,49.82244071200006],[5.946722500000021,49.815533499000026],[5.93717106500003,49.81670809000008],[5.933496578000074,49.81845902400005],[5.919788813000025,49.82499092900008],[5.910109421000072,49.824650621000046],[5.907514,49.81944149900005]]]}},{"type":"Feature","properties":{"GISCO_ID":"LU_0801","CNTR_CODE":"LU","LAU_ID":"0801","LAU_NAME":"Boulaide","POP_2021":1391.0,"POP_DENS_2021":43.08724057,"AREA_KM2":32.28333914,"YEAR":2021},"geometry":{"type":"Polygon","coordinates":[[[5.782788,49.87577549900004],[5.77751372900002,49.88385338900008],[5.745805220000022,49.894035700000074],[5.737065789000042,49.89684212700007],[5.739292830000068,49.902884088000064],[5.745805220000022,49.90770835700005],[5.748186,49.90947199900006],[5.763349500000061,49.91541949900005],[5.773781872000029,49.91890937100004],[5.810670789000028,49.91899808800008],[5.826134730000035,49.91280187400008],[5.833849116000067,49.91321144900007],[5.838693307000028,49.909705760000065],[5.853526500000044,49.90759049900004],[5.854559234000021,49.90091047100003],[5.846454934000064,49.89970662400003],[5.850767242000074,49.89213343100005],[5.856799,49.88869099900006],[5.851447897000071,49.88351345700005],[5.841645576000076,49.883255158000054],[5.842883896000046,49.87382823000007],[5.825683158000061,49.867378607000035],[5.806099214000028,49.86655585500006],[5.797407763000024,49.87261359100006],[5.794896677000054,49.87815498900005],[5.788996902000065,49.87485774600003],[5.782788,49.87577549900004]]]}},{"type":"Feature","properties":{"GISCO_ID":"LU_0802","CNTR_CODE":"LU","LAU_ID":"0802","LAU_NAME":"Esch-sur-S\u00fbre","POP_2021":2982.0,"POP_DENS_2021":58.00610563,"AREA_KM2":51.40838137,"YEAR":2021},"geometry":{"type":"Polygon","coordinates":[[[5.94989,49.910701999000025],[5.954930193000052,49.905885022000064],[5.962790211000026,49.90525651000007],[5.977865191000035,49.910080427000025],[5.983385267000074,49.90446267500005],[5.986862858000052,49.90687483800008],[5.988044708000075,49.91252954600003],[6.001410045000057,49.914018121000026],[6.003126770000051,49.92130048700005],[6.008402283000066,49.925536617000034],[6.010352524000041,49.92486751100006],[6.027342031000046,49.91903860100007],[6.03733,49.92016799900006],[6.021291407000035,49.914062270000045],[6.017542646000038,49.903537836000055],[6.019011939000052,49.90000648900008],[6.012068875000068,49.89259518400007],[6.012271500000054,49.88004999900005],[6.010352524000041,49.87969598800004],[5.996131117000061,49.87707243500006],[5.994066088000068,49.87374845700003],[5.996639341000048,49.86522046700003],[5.986357403000056,49.86200846300005],[5.986767500000042,49.85737149900007],[5.982604009000056,49.85611248400005],[5.982693,49.85295999900006],[5.963401626000064,49.86620114400006],[5.946028493000028,49.87046276600006],[5.935019758000067,49.869184235000034],[5.933496578000074,49.86765770900007],[5.925011500000039,49.85915399900006],[5.911508816000037,49.861006416000066],[5.912205976000052,49.86364763800003],[5.919581269000048,49.86595529300007],[5.900081939000074,49.88759745200008],[5.893233941000062,49.880975370000044],[5.895576856000048,49.87216555800006],[5.882358211000053,49.86457848800006],[5.877939500000025,49.86981099900004],[5.876754376000065,49.87592231800005],[5.856799,49.88869099900006],[5.850767242000074,49.89213343100005],[5.846454934000064,49.89970662400003],[5.854559234000021,49.90091047100003],[5.853526500000044,49.90759049900004],[5.859897724000064,49.90410490200003],[5.861176304000026,49.89860133600007],[5.869031957000061,49.90270822300005],[5.877205672000059,49.90246820400006],[5.898132700000076,49.913298232000045],[5.90478996500002,49.90829685700004],[5.911461840000072,49.91044118500008],[5.917216671000062,49.90458561500003],[5.918997620000027,49.91096745900006],[5.926164741000036,49.91439461400006],[5.930959703000042,49.912757835000036],[5.933496578000074,49.91409261200005],[5.93568596700004,49.915244560000076],[5.941279645000066,49.910034635000045],[5.94989,49.910701999000025]]]}},{"type":"Feature","properties":{"GISCO_ID":"LU_0804","CNTR_CODE":"LU","LAU_ID":"0804","LAU_NAME":"Goesdorf","POP_2021":1595.0,"POP_DENS_2021":54.2568183,"AREA_KM2":29.39722693,"YEAR":2021},"geometry":{"type":"Polygon","coordinates":[[[5.94989,49.910701999000025],[5.939921220000031,49.92835499200004],[5.933496578000074,49.93005030100005],[5.916503,49.93453449900005],[5.926407888000028,49.94138951100007],[5.933496578000074,49.94123067600003],[5.953701916000057,49.94077794000003],[5.954499647000034,49.94808134300007],[5.951274224000031,49.95420408200005],[5.95349584500002,49.96173194700003],[5.962439486000051,49.96074797400007],[5.969465500000069,49.963227999000026],[5.979980455000032,49.956607536000035],[5.985650872000065,49.95671069000008],[5.98845482400003,49.95239981200007],[6.010352524000041,49.94766754500006],[6.012529424000036,49.94719709900005],[6.014058538000029,49.94108829100003],[6.033980953000025,49.93807569000006],[6.037640500000066,49.940097999000045],[6.047597487000075,49.926208667000026],[6.03997318100005,49.92526391600006],[6.03733,49.92016799900006],[6.027342031000046,49.91903860100007],[6.010352524000041,49.92486751100006],[6.008402283000066,49.925536617000034],[6.003126770000051,49.92130048700005],[6.001410045000057,49.914018121000026],[5.988044708000075,49.91252954600003],[5.986862858000052,49.90687483800008],[5.983385267000074,49.90446267500005],[5.977865191000035,49.910080427000025],[5.962790211000026,49.90525651000007],[5.954930193000052,49.905885022000064],[5.94989,49.910701999000025]]]}},{"type":"Feature","properties":{"GISCO_ID":"LU_0805","CNTR_CODE":"LU","LAU_ID":"0805","LAU_NAME":"Kiischpelt","POP_2021":1209.0,"POP_DENS_2021":35.79631663,"AREA_KM2":33.77442468,"YEAR":2021},"geometry":{"type":"Polygon","coordinates":[[[5.976588,50.017940499000076],[5.983588775000044,50.01854442900003],[6.003937245000031,50.011163974000056],[6.010571552000044,50.00360494800003],[6.021218499000042,49.999988590000044],[6.03243180000004,50.00051067000004],[6.040102,50.00553799900007],[6.045506467000052,49.99797624000007],[6.05873172500003,50.00274804500003],[6.060245070000065,50.00065331800005],[6.05265619000005,49.992333959000064],[6.052055282000026,49.98800657100003],[6.036643924000032,49.984036966000076],[6.024579562000042,49.96815038600005],[6.027672900000027,49.964871498000036],[6.041438262000042,49.961741431000064],[6.037801042000069,49.95793168100005],[6.041102845000069,49.95374774600003],[6.040396500000043,49.94712899900003],[6.037640500000066,49.940097999000045],[6.033980953000025,49.93807569000006],[6.014058538000029,49.94108829100003],[6.012529424000036,49.94719709900005],[6.010352524000041,49.94766754500006],[5.98845482400003,49.95239981200007],[5.985650872000065,49.95671069000008],[5.979980455000032,49.956607536000035],[5.969465500000069,49.963227999000026],[5.965024681000045,49.97016784400006],[5.972123710000062,49.985292607000076],[5.965976787000045,49.98834831800008],[5.967077932000052,49.999171610000076],[5.979310702000021,50.00968862000008],[5.976588,50.017940499000076]]]}},{"type":"Feature","properties":{"GISCO_ID":"LU_0806","CNTR_CODE":"LU","LAU_ID":"0806","LAU_NAME":"Lac de la Haute-S\u00fbre","POP_2021":2084.0,"POP_DENS_2021":42.79233706,"AREA_KM2":48.70030812,"YEAR":2021},"geometry":{"type":"Polygon","coordinates":[[[5.810069,49.963869499000054],[5.808250658000077,49.96047601600003],[5.812516724000034,49.95224996600007],[5.83691310100005,49.951486963000036],[5.838678999000024,49.94919370000008],[5.833351777000075,49.94210218600006],[5.845210131000044,49.93642290300005],[5.866597572000046,49.939673594000055],[5.869031957000061,49.94960886500007],[5.878277500000024,49.94975099900006],[5.88124093600004,49.946036270000036],[5.890040083000031,49.94708916400003],[5.905766199000027,49.94261726500008],[5.916503,49.93453449900005],[5.933496578000074,49.93005030100005],[5.939921220000031,49.92835499200004],[5.94989,49.910701999000025],[5.941279645000066,49.910034635000045],[5.93568596700004,49.915244560000076],[5.933496578000074,49.91409261200005],[5.930959703000042,49.912757835000036],[5.926164741000036,49.91439461400006],[5.918997620000027,49.91096745900006],[5.917216671000062,49.90458561500003],[5.911461840000072,49.91044118500008],[5.90478996500002,49.90829685700004],[5.898132700000076,49.913298232000045],[5.877205672000059,49.90246820400006],[5.869031957000061,49.90270822300005],[5.861176304000026,49.89860133600007],[5.859897724000064,49.90410490200003],[5.853526500000044,49.90759049900004],[5.838693307000028,49.909705760000065],[5.833849116000067,49.91321144900007],[5.826134730000035,49.91280187400008],[5.810670789000028,49.91899808800008],[5.773781872000029,49.91890937100004],[5.763349500000061,49.91541949900005],[5.761634901000036,49.91937549900007],[5.764102301000037,49.92992613600006],[5.770048092000025,49.932112318000065],[5.77435593000007,49.93845546800003],[5.771318764000057,49.948497100000054],[5.77643809500006,49.96090357700007],[5.788909609000029,49.96153116500005],[5.795256064000057,49.965133482000056],[5.810069,49.963869499000054]]]}},{"type":"Feature","properties":{"GISCO_ID":"LU_0807","CNTR_CODE":"LU","LAU_ID":"0807","LAU_NAME":"Wiltz","POP_2021":7533.0,"POP_DENS_2021":190.66106522,"AREA_KM2":39.50990199,"YEAR":2021},"geometry":{"type":"Polygon","coordinates":[[[5.966191500000036,50.03197249900006],[5.971510289000037,50.03158855400005],[5.970802737000042,50.02663777600003],[5.977037983000059,50.022425404000046],[5.976588,50.017940499000076],[5.979310702000021,50.00968862000008],[5.967077932000052,49.999171610000076],[5.965976787000045,49.98834831800008],[5.972123710000062,49.985292607000076],[5.965024681000045,49.97016784400006],[5.969465500000069,49.963227999000026],[5.962439486000051,49.96074797400007],[5.95349584500002,49.96173194700003],[5.951274224000031,49.95420408200005],[5.954499647000034,49.94808134300007],[5.953701916000057,49.94077794000003],[5.933496578000074,49.94123067600003],[5.926407888000028,49.94138951100007],[5.916503,49.93453449900005],[5.905766199000027,49.94261726500008],[5.890040083000031,49.94708916400003],[5.88124093600004,49.946036270000036],[5.878277500000024,49.94975099900006],[5.896845710000036,49.961949410000045],[5.902379559000053,49.96869848500006],[5.918091021000066,49.97625722300006],[5.91947556100007,49.98321841000006],[5.913156797000056,49.98796810600004],[5.916456983000046,49.991301099000054],[5.908279500000049,49.995667499000035],[5.921574834000069,50.00818248200005],[5.927272522000067,50.009324227000036],[5.924534032000054,50.01485263600006],[5.92860526100003,50.02444017100004],[5.933496578000074,50.02149439900006],[5.935998496000025,50.01998763100005],[5.945183564000047,50.02599436300005],[5.958466723000072,50.027880957000036],[5.966191500000036,50.03197249900006]]]}},{"type":"Feature","properties":{"GISCO_ID":"LU_0808","CNTR_CODE":"LU","LAU_ID":"0808","LAU_NAME":"Winseler","POP_2021":1403.0,"POP_DENS_2021":45.81877416,"AREA_KM2":30.62063588,"YEAR":2021},"geometry":{"type":"Polygon","coordinates":[[[5.810069,49.963869499000054],[5.81198786300007,49.97143118500003],[5.832253417000061,49.977191865000066],[5.838476280000066,49.98258801000003],[5.84023250000007,49.98937249900007],[5.869031957000061,49.99019054300004],[5.870957446000034,49.99953067000007],[5.889700105000031,49.99233691300003],[5.908279500000049,49.995667499000035],[5.916456983000046,49.991301099000054],[5.913156797000056,49.98796810600004],[5.91947556100007,49.98321841000006],[5.918091021000066,49.97625722300006],[5.902379559000053,49.96869848500006],[5.896845710000036,49.961949410000045],[5.878277500000024,49.94975099900006],[5.869031957000061,49.94960886500007],[5.866597572000046,49.939673594000055],[5.845210131000044,49.93642290300005],[5.833351777000075,49.94210218600006],[5.838678999000024,49.94919370000008],[5.83691310100005,49.951486963000036],[5.812516724000034,49.95224996600007],[5.808250658000077,49.96047601600003],[5.810069,49.963869499000054]]]}},{"type":"Feature","properties":{"GISCO_ID":"LU_0901","CNTR_CODE":"LU","LAU_ID":"0901","LAU_NAME":"Tandel","POP_2021":2214.0,"POP_DENS_2021":52.9937067,"AREA_KM2":41.77854575,"YEAR":2021},"geometry":{"type":"Polygon","coordinates":[[[6.233824,49.91418849900003],[6.229376591000062,49.90957231400006],[6.235510500000032,49.89918849900005],[6.228663500000039,49.89273449900003],[6.217742875000056,49.89275526900008],[6.19836140700005,49.88525348100006],[6.192999652000026,49.88597172800007],[6.188861209000038,49.87972618900005],[6.188997007000069,49.87330825500004],[6.180697500000065,49.872442499000044],[6.171010774000024,49.877107409000075],[6.142368244000068,49.89090100800007],[6.14531375200005,49.894073897000055],[6.143651646000023,49.89582217800006],[6.13559594700007,49.89786782600004],[6.127553,49.89338649900003],[6.125507,49.895241499000065],[6.130174435000072,49.90211765600003],[6.120910341000069,49.90367259800007],[6.113706831000059,49.90922732200005],[6.117089272000044,49.91919826700007],[6.117341506000059,49.93090866400007],[6.133786959000076,49.942389399000035],[6.14487581800006,49.94500795400006],[6.153454070000066,49.94070297600007],[6.161597,49.94173949900005],[6.171010774000024,49.943218666000064],[6.173043113000062,49.94353800300007],[6.177524045000041,49.93476342000008],[6.19215484700004,49.92493986000005],[6.215988290000041,49.925410459000034],[6.218166,49.922971999000026],[6.228916606000041,49.920647821000045],[6.233824,49.91418849900003]]]}},{"type":"Feature","properties":{"GISCO_ID":"LU_0902","CNTR_CODE":"LU","LAU_ID":"0902","LAU_NAME":"Putscheid","POP_2021":1107.0,"POP_DENS_2021":40.79616235,"AREA_KM2":27.13490525,"YEAR":2021},"geometry":{"type":"Polygon","coordinates":[[[6.161597,49.94173949900005],[6.153454070000066,49.94070297600007],[6.14487581800006,49.94500795400006],[6.133786959000076,49.942389399000035],[6.117341506000059,49.93090866400007],[6.117089272000044,49.91919826700007],[6.097457186000042,49.92420232500007],[6.093340024000042,49.93123765800004],[6.087576,49.93421599900006],[6.091874694000069,49.94053146400006],[6.093175788000053,49.95547139300004],[6.100320726000064,49.96444277400008],[6.099050456000043,49.968945860000076],[6.102401088000022,49.97732503000003],[6.097209863000046,49.98117639900005],[6.098450840000055,49.98419032500004],[6.115407988000072,49.98183620900005],[6.124469081000029,49.97176050400003],[6.154583072000037,49.97889503300007],[6.166236,49.976818999000045],[6.166463553000028,49.96844920800004],[6.171010774000024,49.96501988800003],[6.175964500000021,49.961283999000045],[6.178364335000026,49.95445352100006],[6.184057193000058,49.954253573000074],[6.186208953000062,49.95629004300008],[6.182866314000023,49.964995628000054],[6.191223403000038,49.967917398000054],[6.197809500000062,49.94841399900008],[6.171010774000024,49.94683585900003],[6.161487505000025,49.94627504700003],[6.161597,49.94173949900005]]]}},{"type":"Feature","properties":{"GISCO_ID":"LU_0903","CNTR_CODE":"LU","LAU_ID":"0903","LAU_NAME":"Vianden","POP_2021":2161.0,"POP_DENS_2021":223.79155646,"AREA_KM2":9.65630712,"YEAR":2021},"geometry":{"type":"Polygon","coordinates":[[[6.223907500000053,49.94993949900004],[6.218845849000047,49.94451310900007],[6.226060454000049,49.93719777500007],[6.226167500000031,49.929388999000025],[6.218166,49.922971999000026],[6.215988290000041,49.925410459000034],[6.19215484700004,49.92493986000005],[6.177524045000041,49.93476342000008],[6.173043113000062,49.94353800300007],[6.171010774000024,49.943218666000064],[6.161597,49.94173949900005],[6.161487505000025,49.94627504700003],[6.171010774000024,49.94683585900003],[6.197809500000062,49.94841399900008],[6.204656,49.955028999000035],[6.212675269000044,49.950488438000036],[6.223907500000053,49.94993949900004]]]}},{"type":"Feature","properties":{"GISCO_ID":"LU_1001","CNTR_CODE":"LU","LAU_ID":"1001","LAU_NAME":"Beaufort","POP_2021":2901.0,"POP_DENS_2021":210.1135541,"AREA_KM2":13.8068199,"YEAR":2021},"geometry":{"type":"Polygon","coordinates":[[[6.314417,49.85989049900007],[6.321324,49.853286499000035],[6.320597947000067,49.84066833800006],[6.329659500000048,49.83621899900004],[6.329667771000061,49.82859079000008],[6.324810500000069,49.82210549900003],[6.285067910000066,49.824392473000046],[6.270428500000037,49.82127349900003],[6.257593494000048,49.82317308800003],[6.255129595000028,49.827565797000034],[6.267664289000038,49.83890020100006],[6.263930880000032,49.84489339900006],[6.268674,49.84853499900004],[6.307312760000059,49.84699758100004],[6.310031898000034,49.849530859000026],[6.308627125000044,49.857134667000025],[6.314417,49.85989049900007]]]}},{"type":"Feature","properties":{"GISCO_ID":"LU_1002","CNTR_CODE":"LU","LAU_ID":"1002","LAU_NAME":"Bech","POP_2021":1305.0,"POP_DENS_2021":55.7584646,"AREA_KM2":23.40451821,"YEAR":2021},"geometry":{"type":"Polygon","coordinates":[[[6.374923,49.77031349900005],[6.378742115000023,49.77022897200004],[6.397164500000031,49.77376949900008],[6.400250378000067,49.76376275300004],[6.391445,49.75465649900008],[6.378260966000028,49.75062406100005],[6.376139845000068,49.74630900100004],[6.378555393000056,49.73635398000005],[6.368121,49.734259499000075],[6.350458868000032,49.73743992300007],[6.346268917000032,49.735527629000046],[6.346016950000035,49.73129341900005],[6.342722835000075,49.731579013000044],[6.332717,49.73244649900005],[6.325558552000075,49.73506841600005],[6.309682028000054,49.73463831400005],[6.276849236000032,49.74382430800006],[6.264930500000048,49.74432249900008],[6.265658500000029,49.746672999000054],[6.279498535000073,49.752251415000046],[6.28554566300005,49.75035798700003],[6.300066935000075,49.75668862200007],[6.312333146000071,49.75836202700003],[6.322053320000066,49.76547284900005],[6.342722835000075,49.76180855200005],[6.348826115000065,49.76072656100007],[6.374923,49.77031349900005]],[[6.378742115000023,49.77022897200004],[6.373870895000039,49.76581808000003],[6.379457783000021,49.76263324000007],[6.380681910000021,49.76441534300005],[6.378742115000023,49.77022897200004]]]}},{"type":"Feature","properties":{"GISCO_ID":"LU_1003","CNTR_CODE":"LU","LAU_ID":"1003","LAU_NAME":"Berdorf","POP_2021":1951.0,"POP_DENS_2021":88.56392378,"AREA_KM2":22.02928593,"YEAR":2021},"geometry":{"type":"Polygon","coordinates":[[[6.313364500000034,49.79141499900004],[6.312377947000073,49.796498633000056],[6.323447088000023,49.812213771000074],[6.324810500000069,49.82210549900003],[6.329667771000061,49.82859079000008],[6.329659500000048,49.83621899900004],[6.336270201000048,49.83979033000003],[6.342722835000075,49.84862997700003],[6.362438736000058,49.85064039300005],[6.38468,49.83274599900005],[6.381573047000074,49.82988618100006],[6.387426910000045,49.82242369700003],[6.388628630000028,49.81382392000006],[6.375015993000034,49.80692731200003],[6.366476,49.795577999000045],[6.353423894000059,49.80033515500003],[6.342722835000075,49.79912227300008],[6.328186770000059,49.79747472200006],[6.313364500000034,49.79141499900004]]]}},{"type":"Feature","properties":{"GISCO_ID":"LU_1004","CNTR_CODE":"LU","LAU_ID":"1004","LAU_NAME":"Consdorf","POP_2021":2123.0,"POP_DENS_2021":81.78973924,"AREA_KM2":25.95680118,"YEAR":2021},"geometry":{"type":"MultiPolygon","coordinates":[[[[6.374923,49.77031349900005],[6.348826115000065,49.76072656100007],[6.342722835000075,49.76180855200005],[6.322053320000066,49.76547284900005],[6.312333146000071,49.75836202700003],[6.300066935000075,49.75668862200007],[6.28554566300005,49.75035798700003],[6.279498535000073,49.752251415000046],[6.265658500000029,49.746672999000054],[6.279024,49.762537999000074],[6.285332734000065,49.77288221600003],[6.296424438000031,49.78009528600006],[6.301056209000024,49.786696488000075],[6.313364500000034,49.79141499900004],[6.328186770000059,49.79747472200006],[6.342722835000075,49.79912227300008],[6.353423894000059,49.80033515500003],[6.366476,49.795577999000045],[6.377024820000031,49.79748684400005],[6.385420059000069,49.795547612000064],[6.384444934000044,49.77966373600003],[6.388267977000055,49.776594310000064],[6.374923,49.77031349900005]]],[[[6.378742115000023,49.77022897200004],[6.380681910000021,49.76441534300005],[6.379457783000021,49.76263324000007],[6.373870895000039,49.76581808000003],[6.378742115000023,49.77022897200004]]]]}},{"type":"Feature","properties":{"GISCO_ID":"LU_1005","CNTR_CODE":"LU","LAU_ID":"1005","LAU_NAME":"Echternach","POP_2021":5650.0,"POP_DENS_2021":275.05081554,"AREA_KM2":20.54165878,"YEAR":2021},"geometry":{"type":"Polygon","coordinates":[[[6.366476,49.795577999000045],[6.375015993000034,49.80692731200003],[6.388628630000028,49.81382392000006],[6.387426910000045,49.82242369700003],[6.381573047000074,49.82988618100006],[6.38468,49.83274599900005],[6.391356,49.82817199900006],[6.40162274100004,49.82014968900006],[6.423804582000059,49.81583230600006],[6.430115221000051,49.81131698400003],[6.440003511000043,49.81366520800003],[6.451925,49.811423999000056],[6.45466200900006,49.80668723200006],[6.468550325000024,49.80253621500003],[6.46850091500005,49.79587063300005],[6.457938528000057,49.792092369000045],[6.434954867000044,49.79529126500006],[6.420412970000029,49.78601009500005],[6.411672490000058,49.785170907000065],[6.397164500000031,49.77376949900008],[6.378742115000023,49.77022897200004],[6.374923,49.77031349900005],[6.388267977000055,49.776594310000064],[6.384444934000044,49.77966373600003],[6.385420059000069,49.795547612000064],[6.377024820000031,49.79748684400005],[6.366476,49.795577999000045]]]}},{"type":"Feature","properties":{"GISCO_ID":"LU_1006","CNTR_CODE":"LU","LAU_ID":"1006","LAU_NAME":"Rosport - Mompach","POP_2021":3631.0,"POP_DENS_2021":63.66035314,"AREA_KM2":57.03706971,"YEAR":2021},"geometry":{"type":"Polygon","coordinates":[[[6.461388,49.73956949900003],[6.447765852000032,49.741809912000065],[6.437447418000033,49.73369113700005],[6.427048342000035,49.73210299600004],[6.408523221000053,49.73936939300006],[6.405872984000041,49.745267898000066],[6.39674941800007,49.74881330000005],[6.391445,49.75465649900008],[6.400250378000067,49.76376275300004],[6.397164500000031,49.77376949900008],[6.411672490000058,49.785170907000065],[6.420412970000029,49.78601009500005],[6.434954867000044,49.79529126500006],[6.457938528000057,49.792092369000045],[6.46850091500005,49.79587063300005],[6.468550325000024,49.80253621500003],[6.45466200900006,49.80668723200006],[6.451925,49.811423999000056],[6.45364150000006,49.81135349900006],[6.467010253000069,49.82092956200006],[6.474962500000061,49.82127499900008],[6.487482147000037,49.81265496900005],[6.504141015000073,49.80956199600007],[6.51098207800004,49.80293416300003],[6.520773678000069,49.81236553400004],[6.528877980000061,49.80929886400003],[6.529994112000054,49.80583886200003],[6.527237969000055,49.80247220000007],[6.506818039000052,49.78978912200006],[6.515744042000051,49.78284482300006],[6.510570511000026,49.774788433000026],[6.517165058000046,49.76829941600005],[6.51862,49.76244949900007],[6.501384585000039,49.75242941700003],[6.501991,49.73313649900007],[6.481735402000027,49.736608638000064],[6.474931986000058,49.74178123000007],[6.461388,49.73956949900003]]]}},{"type":"Feature","properties":{"GISCO_ID":"LU_1008","CNTR_CODE":"LU","LAU_ID":"1008","LAU_NAME":"Waldbillig","POP_2021":1902.0,"POP_DENS_2021":81.89691459,"AREA_KM2":23.22431815,"YEAR":2021},"geometry":{"type":"Polygon","coordinates":[[[6.324810500000069,49.82210549900003],[6.323447088000023,49.812213771000074],[6.312377947000073,49.796498633000056],[6.313364500000034,49.79141499900004],[6.301056209000024,49.786696488000075],[6.296424438000031,49.78009528600006],[6.285332734000065,49.77288221600003],[6.279024,49.762537999000074],[6.275967432000073,49.768002694000074],[6.266555654000058,49.77067702100004],[6.260296370000049,49.77733197800006],[6.244682637000039,49.78145346100007],[6.248574,49.785378499000046],[6.250714794000032,49.78780025400005],[6.245363422000025,49.79585581200007],[6.256928467000023,49.80197807300004],[6.254039873000067,49.80995646000008],[6.263450753000029,49.81244107400005],[6.270428500000037,49.82127349900003],[6.285067910000066,49.824392473000046],[6.324810500000069,49.82210549900003]]]}},{"type":"Feature","properties":{"GISCO_ID":"LU_1101","CNTR_CODE":"LU","LAU_ID":"1101","LAU_NAME":"Betzdorf","POP_2021":4149.0,"POP_DENS_2021":158.47629152,"AREA_KM2":26.18057225,"YEAR":2021},"geometry":{"type":"Polygon","coordinates":[[[6.377626500000076,49.67687749900006],[6.372986636000064,49.66892758600005],[6.364720500000033,49.66670849900004],[6.356141462000039,49.668695564000075],[6.355415514000072,49.677053],[6.342722835000075,49.674229085000036],[6.321039324000026,49.66940485600003],[6.314989898000022,49.66469961800004],[6.32335157600005,49.658694429000036],[6.323640069000021,49.649414371000034],[6.303172500000073,49.636636499000076],[6.293021666000072,49.638458376000074],[6.28955250000007,49.647279999000034],[6.282322457000021,49.65376681400005],[6.285874138000054,49.663378023000064],[6.278691189000028,49.66680421900003],[6.277930500000025,49.677899499000034],[6.297508083000025,49.68428176200007],[6.302126103000035,49.69433931700007],[6.299691958000039,49.70285090600004],[6.307570500000054,49.70309849900008],[6.311756930000058,49.695418396000036],[6.316993007000065,49.69408619500007],[6.332725551000067,49.702974450000056],[6.342722835000075,49.703424977000054],[6.347403507000024,49.70363591200004],[6.361467173000051,49.68637015100006],[6.37439033000004,49.68895876500005],[6.374401392000038,49.68058093900004],[6.377626500000076,49.67687749900006]]]}},{"type":"Feature","properties":{"GISCO_ID":"LU_1102","CNTR_CODE":"LU","LAU_ID":"1102","LAU_NAME":"Biwer","POP_2021":1884.0,"POP_DENS_2021":81.72214424,"AREA_KM2":23.05372696,"YEAR":2021},"geometry":{"type":"Polygon","coordinates":[[[6.377626500000076,49.67687749900006],[6.374401392000038,49.68058093900004],[6.37439033000004,49.68895876500005],[6.361467173000051,49.68637015100006],[6.347403507000024,49.70363591200004],[6.342722835000075,49.703424977000054],[6.332725551000067,49.702974450000056],[6.316993007000065,49.69408619500007],[6.311756930000058,49.695418396000036],[6.307570500000054,49.70309849900008],[6.322923184000047,49.70792133800006],[6.316693174000022,49.722353344000055],[6.322253385000067,49.73094338900006],[6.332717,49.73244649900005],[6.342722835000075,49.731579013000044],[6.346016950000035,49.73129341900005],[6.346268917000032,49.735527629000046],[6.350458868000032,49.73743992300007],[6.368121,49.734259499000075],[6.363885141000026,49.72743886000006],[6.365145253000037,49.720182918000035],[6.370555055000068,49.71611530900003],[6.385154994000061,49.71749400300007],[6.389402263000022,49.70902563000004],[6.407875208000064,49.69847999400008],[6.405912,49.69086649900004],[6.396918195000069,49.68226356100007],[6.377626500000076,49.67687749900006]]]}},{"type":"Feature","properties":{"GISCO_ID":"LU_1103","CNTR_CODE":"LU","LAU_ID":"1103","LAU_NAME":"Flaxweiler","POP_2021":2158.0,"POP_DENS_2021":71.56487193,"AREA_KM2":30.15445905,"YEAR":2021},"geometry":{"type":"Polygon","coordinates":[[[6.365544500000055,49.615552499000046],[6.352954383000053,49.61555541400003],[6.345875317000036,49.60816477600008],[6.343968160000031,49.61535406200005],[6.342722835000075,49.61668350100007],[6.338093094000044,49.621625952000045],[6.325640964000058,49.626994437000064],[6.309686500000055,49.62838349900005],[6.303172500000073,49.636636499000076],[6.323640069000021,49.649414371000034],[6.32335157600005,49.658694429000036],[6.314989898000022,49.66469961800004],[6.321039324000026,49.66940485600003],[6.342722835000075,49.674229085000036],[6.355415514000072,49.677053],[6.356141462000039,49.668695564000075],[6.364720500000033,49.66670849900004],[6.374565229000041,49.66620973600004],[6.387523839000039,49.65614065700004],[6.421887,49.654326499000035],[6.419160329000022,49.64861767200006],[6.420528479000041,49.63938558400008],[6.402840613000023,49.626035932000036],[6.384687803000077,49.63641636400007],[6.381587155000034,49.64230341900003],[6.375616598000022,49.645861051000054],[6.365254119000042,49.64847224700003],[6.356229347000067,49.646735027000034],[6.356217315000038,49.63459958700008],[6.377909418000058,49.621516134000046],[6.365544500000055,49.615552499000046]]]}},{"type":"Feature","properties":{"GISCO_ID":"LU_1104","CNTR_CODE":"LU","LAU_ID":"1104","LAU_NAME":"Grevenmacher","POP_2021":4981.0,"POP_DENS_2021":302.05945513,"AREA_KM2":16.49013105,"YEAR":2021},"geometry":{"type":"Polygon","coordinates":[[[6.377626500000076,49.67687749900006],[6.396918195000069,49.68226356100007],[6.405912,49.69086649900004],[6.414075988000036,49.68867101200004],[6.431827719000069,49.69867567800003],[6.444871738000074,49.69371937400007],[6.454236,49.69363149900005],[6.461425,49.69191849900005],[6.449795,49.680667999000036],[6.426077500000076,49.663688999000044],[6.421307564000074,49.66260953300008],[6.421887,49.654326499000035],[6.387523839000039,49.65614065700004],[6.374565229000041,49.66620973600004],[6.364720500000033,49.66670849900004],[6.372986636000064,49.66892758600005],[6.377626500000076,49.67687749900006]]]}},{"type":"Feature","properties":{"GISCO_ID":"LU_1105","CNTR_CODE":"LU","LAU_ID":"1105","LAU_NAME":"Junglinster","POP_2021":8233.0,"POP_DENS_2021":147.71752577,"AREA_KM2":55.73475427,"YEAR":2021},"geometry":{"type":"Polygon","coordinates":[[[6.307570500000054,49.70309849900008],[6.299691958000039,49.70285090600004],[6.302126103000035,49.69433931700007],[6.297508083000025,49.68428176200007],[6.277930500000025,49.677899499000034],[6.269027418000064,49.67719174700005],[6.264627993000033,49.68347522400006],[6.258088863000069,49.68585864200003],[6.214805500000068,49.68495749900006],[6.209757073000048,49.68881503600005],[6.198152291000042,49.68788573300003],[6.194290254000066,49.683312440000066],[6.171010774000024,49.685744654000075],[6.169031,49.685951499000055],[6.171010774000024,49.68694947000006],[6.181700693000039,49.69233807900008],[6.180340676000071,49.69638246400007],[6.186953015000029,49.70706380300004],[6.184893,49.71458299900007],[6.201338728000053,49.72090678700005],[6.204907439000067,49.725659637000035],[6.218018099000062,49.732258211000044],[6.227583500000037,49.74972199900003],[6.264930500000048,49.74432249900008],[6.276849236000032,49.74382430800006],[6.309682028000054,49.73463831400005],[6.325558552000075,49.73506841600005],[6.332717,49.73244649900005],[6.322253385000067,49.73094338900006],[6.316693174000022,49.722353344000055],[6.322923184000047,49.70792133800006],[6.307570500000054,49.70309849900008]]]}},{"type":"Feature","properties":{"GISCO_ID":"LU_1106","CNTR_CODE":"LU","LAU_ID":"1106","LAU_NAME":"Manternach","POP_2021":2216.0,"POP_DENS_2021":79.54713235,"AREA_KM2":27.85769813,"YEAR":2021},"geometry":{"type":"Polygon","coordinates":[[[6.368121,49.734259499000075],[6.378555393000056,49.73635398000005],[6.376139845000068,49.74630900100004],[6.378260966000028,49.75062406100005],[6.391445,49.75465649900008],[6.39674941800007,49.74881330000005],[6.405872984000041,49.745267898000066],[6.408523221000053,49.73936939300006],[6.427048342000035,49.73210299600004],[6.437447418000033,49.73369113700005],[6.447765852000032,49.741809912000065],[6.461388,49.73956949900003],[6.454130120000059,49.72723778200003],[6.453208080000024,49.71515218400003],[6.448184464000065,49.71171497100005],[6.451501252000071,49.70746860300005],[6.454236,49.69363149900005],[6.444871738000074,49.69371937400007],[6.431827719000069,49.69867567800003],[6.414075988000036,49.68867101200004],[6.405912,49.69086649900004],[6.407875208000064,49.69847999400008],[6.389402263000022,49.70902563000004],[6.385154994000061,49.71749400300007],[6.370555055000068,49.71611530900003],[6.365145253000037,49.720182918000035],[6.363885141000026,49.72743886000006],[6.368121,49.734259499000075]]]}},{"type":"Feature","properties":{"GISCO_ID":"LU_1107","CNTR_CODE":"LU","LAU_ID":"1107","LAU_NAME":"Mertert","POP_2021":4703.0,"POP_DENS_2021":305.02546445,"AREA_KM2":15.41838485,"YEAR":2021},"geometry":{"type":"Polygon","coordinates":[[[6.461388,49.73956949900003],[6.474931986000058,49.74178123000007],[6.481735402000027,49.736608638000064],[6.501991,49.73313649900007],[6.515835371000037,49.72404501700004],[6.511466976000065,49.721839662000036],[6.50216385300007,49.726358841000035],[6.497266438000054,49.725283286000035],[6.507018500000072,49.71264049900003],[6.496882227000071,49.70990973500005],[6.47933050000006,49.696424999000044],[6.461425,49.69191849900005],[6.454236,49.69363149900005],[6.451501252000071,49.70746860300005],[6.448184464000065,49.71171497100005],[6.453208080000024,49.71515218400003],[6.454130120000059,49.72723778200003],[6.461388,49.73956949900003]]]}},{"type":"Feature","properties":{"GISCO_ID":"LU_1108","CNTR_CODE":"LU","LAU_ID":"1108","LAU_NAME":"Wormeldange","POP_2021":3054.0,"POP_DENS_2021":176.91704944,"AREA_KM2":17.26232723,"YEAR":2021},"geometry":{"type":"Polygon","coordinates":[[[6.371909,49.59053999900004],[6.381507375000069,49.60281454500006],[6.377620793000062,49.60440438000006],[6.378629303000025,49.60947882600004],[6.365544500000055,49.615552499000046],[6.377909418000058,49.621516134000046],[6.356217315000038,49.63459958700008],[6.356229347000067,49.646735027000034],[6.365254119000042,49.64847224700003],[6.375616598000022,49.645861051000054],[6.381587155000034,49.64230341900003],[6.384687803000077,49.63641636400007],[6.402840613000023,49.626035932000036],[6.420528479000041,49.63938558400008],[6.419160329000022,49.64861767200006],[6.421887,49.654326499000035],[6.421307564000074,49.66260953300008],[6.426077500000076,49.663688999000044],[6.431822500000067,49.66046349900006],[6.438557389000039,49.65909380100004],[6.440155895000032,49.65476281900004],[6.422795500000063,49.622294999000076],[6.401288412000042,49.60407351900005],[6.392384500000048,49.60033549900004],[6.382325492000064,49.59756279800007],[6.374119,49.59003699900006],[6.371909,49.59053999900004]]]}},{"type":"Feature","properties":{"GISCO_ID":"LU_1201","CNTR_CODE":"LU","LAU_ID":"1201","LAU_NAME":"Bous","POP_2021":1711.0,"POP_DENS_2021":111.28652452,"AREA_KM2":15.3747276,"YEAR":2021},"geometry":{"type":"Polygon","coordinates":[[[6.324960500000032,49.53087699900004],[6.315021923000074,49.53887928100005],[6.298844588000065,49.539867935000075],[6.291894,49.548244999000076],[6.309204843000032,49.55970360200007],[6.30828606700004,49.57457157400006],[6.312274,49.58162199900005],[6.315722500000049,49.58282649900008],[6.321844552000073,49.57855881200004],[6.342722835000075,49.58162438900007],[6.345137156000021,49.57178690300003],[6.355382500000076,49.55562149900004],[6.344242047000023,49.54936390200004],[6.342722835000075,49.546032841000056],[6.339171,49.53824499900003],[6.33674200400003,49.53374494700006],[6.324960500000032,49.53087699900004]]]}},{"type":"Feature","properties":{"GISCO_ID":"LU_1202","CNTR_CODE":"LU","LAU_ID":"1202","LAU_NAME":"Dalheim","POP_2021":2358.0,"POP_DENS_2021":123.02437636,"AREA_KM2":19.16693317,"YEAR":2021},"geometry":{"type":"Polygon","coordinates":[[[6.228780500000028,49.53853999900008],[6.228458466000063,49.54319828400003],[6.220342455000036,49.55455768500008],[6.232291254000074,49.55500769200006],[6.231235,49.570043499000064],[6.253775,49.56864499900007],[6.268522171000029,49.56389038900005],[6.269743043000062,49.54727637900004],[6.272082960000034,49.54448325700008],[6.291894,49.548244999000076],[6.298844588000065,49.539867935000075],[6.315021923000074,49.53887928100005],[6.324960500000032,49.53087699900004],[6.316957,49.52776849900005],[6.298836792000031,49.53406147000004],[6.284008238000069,49.52483789400003],[6.267057110000053,49.533114100000034],[6.258959441000059,49.52372769600004],[6.247280574000058,49.52331559800007],[6.240621,49.51501999900006],[6.236676785000043,49.51859263400007],[6.238473115000033,49.53109752700004],[6.228780500000028,49.53853999900008]]]}},{"type":"Feature","properties":{"GISCO_ID":"LU_1203","CNTR_CODE":"LU","LAU_ID":"1203","LAU_NAME":"Lenningen","POP_2021":2071.0,"POP_DENS_2021":100.91183589,"AREA_KM2":20.52286515,"YEAR":2021},"geometry":{"type":"Polygon","coordinates":[[[6.365544500000055,49.615552499000046],[6.378629303000025,49.60947882600004],[6.377620793000062,49.60440438000006],[6.381507375000069,49.60281454500006],[6.371909,49.59053999900004],[6.361147393000067,49.59497082000007],[6.342722835000075,49.59455521600006],[6.327727373000073,49.594216963000065],[6.313287451000065,49.58779716300006],[6.315722500000049,49.58282649900008],[6.312274,49.58162199900005],[6.300762,49.58262999900006],[6.301793930000031,49.58946432400006],[6.295677167000065,49.59733065800003],[6.286194232000071,49.60209038200003],[6.275114734000056,49.60183728000004],[6.276063500000021,49.60433999900005],[6.304466,49.62605149900003],[6.309686500000055,49.62838349900005],[6.325640964000058,49.626994437000064],[6.338093094000044,49.621625952000045],[6.342722835000075,49.61668350100007],[6.343968160000031,49.61535406200005],[6.345875317000036,49.60816477600008],[6.352954383000053,49.61555541400003],[6.365544500000055,49.615552499000046]]]}},{"type":"Feature","properties":{"GISCO_ID":"LU_1204","CNTR_CODE":"LU","LAU_ID":"1204","LAU_NAME":"Mondorf-les-Bains","POP_2021":5404.0,"POP_DENS_2021":397.63031844,"AREA_KM2":13.59051297,"YEAR":2021},"geometry":{"type":"Polygon","coordinates":[[[6.240621,49.51501999900006],[6.247280574000058,49.52331559800007],[6.258959441000059,49.52372769600004],[6.267057110000053,49.533114100000034],[6.284008238000069,49.52483789400003],[6.298836792000031,49.53406147000004],[6.316957,49.52776849900005],[6.322910441000033,49.523258791000046],[6.298420112000031,49.50752284500004],[6.299417471000027,49.49632399300003],[6.289243602000056,49.49694186000005],[6.286296500000049,49.49379549900004],[6.283828500000027,49.49306499900007],[6.280561,49.49418999900007],[6.278055628000061,49.503121340000064],[6.247095073000025,49.50942654700003],[6.240108,49.514320499000064],[6.240621,49.51501999900006]]]}},{"type":"Feature","properties":{"GISCO_ID":"LU_1205","CNTR_CODE":"LU","LAU_ID":"1205","LAU_NAME":"Remich","POP_2021":3787.0,"POP_DENS_2021":711.05950809,"AREA_KM2":5.32585523,"YEAR":2021},"geometry":{"type":"Polygon","coordinates":[[[6.355382500000076,49.55562149900004],[6.375674500000059,49.56190599900003],[6.38152685700004,49.55706575700003],[6.380052500000033,49.551104999000074],[6.361044,49.53636799900005],[6.346539103000055,49.53461513800005],[6.342722835000075,49.53649520400006],[6.339171,49.53824499900003],[6.342722835000075,49.546032841000056],[6.344242047000023,49.54936390200004],[6.355382500000076,49.55562149900004]]]}},{"type":"Feature","properties":{"GISCO_ID":"LU_1206","CNTR_CODE":"LU","LAU_ID":"1206","LAU_NAME":"Schengen","POP_2021":4956.0,"POP_DENS_2021":157.71759117,"AREA_KM2":31.42325446,"YEAR":2021},"geometry":{"type":"Polygon","coordinates":[[[6.286296500000049,49.49379549900004],[6.289243602000056,49.49694186000005],[6.299417471000027,49.49632399300003],[6.298420112000031,49.50752284500004],[6.322910441000033,49.523258791000046],[6.316957,49.52776849900005],[6.324960500000032,49.53087699900004],[6.33674200400003,49.53374494700006],[6.339171,49.53824499900003],[6.342722835000075,49.53649520400006],[6.346539103000055,49.53461513800005],[6.361044,49.53636799900005],[6.357441685000026,49.52953013100006],[6.367342907000022,49.50213488600008],[6.367107500000031,49.46950699900003],[6.3668,49.46599599900003],[6.368847,49.459853999000075],[6.364389,49.45952199900006],[6.353987846000052,49.466234013000076],[6.347103,49.466056999000045],[6.342722835000075,49.46828204900004],[6.333769,49.466922999000076],[6.320531874000039,49.47695081400008],[6.297434624000061,49.480971873000044],[6.298483946000033,49.48749851800005],[6.289189957000076,49.486090826000066],[6.285635469000056,49.48945958100006],[6.288466474000074,49.49283045200008],[6.286296500000049,49.49379549900004]]]}},{"type":"Feature","properties":{"GISCO_ID":"LU_1207","CNTR_CODE":"LU","LAU_ID":"1207","LAU_NAME":"Stadtbredimus","POP_2021":1968.0,"POP_DENS_2021":195.72463192,"AREA_KM2":10.05494291,"YEAR":2021},"geometry":{"type":"Polygon","coordinates":[[[6.375674500000059,49.56190599900003],[6.355382500000076,49.55562149900004],[6.345137156000021,49.57178690300003],[6.342722835000075,49.58162438900007],[6.321844552000073,49.57855881200004],[6.315722500000049,49.58282649900008],[6.313287451000065,49.58779716300006],[6.327727373000073,49.594216963000065],[6.342722835000075,49.59455521600006],[6.361147393000067,49.59497082000007],[6.371909,49.59053999900004],[6.374119,49.59003699900006],[6.38083679500005,49.57815921200006],[6.367112196000051,49.578268854000044],[6.358386020000069,49.57217538800006],[6.375674500000059,49.56190599900003]]]}},{"type":"Feature","properties":{"GISCO_ID":"LU_1208","CNTR_CODE":"LU","LAU_ID":"1208","LAU_NAME":"Waldbredimus","POP_2021":1274.0,"POP_DENS_2021":101.14374072,"AREA_KM2":12.59593516,"YEAR":2021},"geometry":{"type":"Polygon","coordinates":[[[6.253775,49.56864499900007],[6.258033657000055,49.57712398600006],[6.265837417000057,49.57910308400005],[6.271455925000055,49.58444356200005],[6.290376661000039,49.586504888000036],[6.300762,49.58262999900006],[6.312274,49.58162199900005],[6.30828606700004,49.57457157400006],[6.309204843000032,49.55970360200007],[6.291894,49.548244999000076],[6.272082960000034,49.54448325700008],[6.269743043000062,49.54727637900004],[6.268522171000029,49.56389038900005],[6.253775,49.56864499900007]]]}},{"type":"Feature","properties":{"GISCO_ID":"LU_0101","CNTR_CODE":"LU","LAU_ID":"0101","LAU_NAME":"Dippach","POP_2021":4461.0,"POP_DENS_2021":258.4485193,"AREA_KM2":17.26069088,"YEAR":2021},"geometry":{"type":"Polygon","coordinates":[[[5.957888,49.568822999000076],[5.94417478400004,49.567207781000036],[5.933496578000074,49.58265492900006],[5.931150195000043,49.58604921800003],[5.933263500000066,49.591244999000025],[5.940730447000021,49.59542392700007],[5.957501681000053,49.59226982300004],[5.968769500000064,49.59891249900005],[5.987922566000066,49.601082887000075],[6.003309474000048,49.609948915000075],[6.007983500000023,49.60426799900006],[5.999192846000028,49.595395051000025],[6.009522582000045,49.59162095900007],[6.005147344000022,49.58620914000005],[6.010352524000041,49.58365694100007],[6.014437500000042,49.58165399900008],[6.010352524000041,49.578758159000074],[5.991431322000039,49.565344914000036],[5.981406138000068,49.56322526500003],[5.969530116000044,49.57013057900008],[5.961127500000032,49.56810249900008],[5.957888,49.568822999000076]]]}},{"type":"Feature","properties":{"GISCO_ID":"LU_0102","CNTR_CODE":"LU","LAU_ID":"0102","LAU_NAME":"Garnich","POP_2021":2221.0,"POP_DENS_2021":106.11788585,"AREA_KM2":20.92955379,"YEAR":2021},"geometry":{"type":"Polygon","coordinates":[[[5.903163500000062,49.636239499000055],[5.907128500000056,49.63864749900006],[5.921853777000024,49.63587563700003],[5.93123330700007,49.637773105000065],[5.933496578000074,49.635421628000074],[5.939310160000048,49.62938147300008],[5.959873500000072,49.64164899900004],[5.965730828000062,49.63279857500004],[5.96562093700004,49.62451373500005],[5.971637276000024,49.61766352700005],[5.971747349000054,49.61084592700007],[5.965356624000037,49.60591189100006],[5.968769500000064,49.59891249900005],[5.957501681000053,49.59226982300004],[5.940730447000021,49.59542392700007],[5.933263500000066,49.591244999000025],[5.928459244000067,49.59219919100008],[5.909295813000028,49.607060069000056],[5.89987222000002,49.62495330100006],[5.892829,49.62855949900006],[5.90270442000002,49.63227470100003],[5.903163500000062,49.636239499000055]]]}},{"type":"Feature","properties":{"GISCO_ID":"LU_0103","CNTR_CODE":"LU","LAU_ID":"0103","LAU_NAME":"Habscht","POP_2021":4803.0,"POP_DENS_2021":147.38888204,"AREA_KM2":32.58726122,"YEAR":2021},"geometry":{"type":"Polygon","coordinates":[[[5.917686,49.672528499000066],[5.899724664000075,49.67567954700007],[5.894971061000035,49.67004034300004],[5.890221,49.670108999000036],[5.886635945000023,49.66897770600008],[5.869031957000061,49.67528578800005],[5.865133658000047,49.676641819000054],[5.862375993000057,49.68171927000003],[5.866466389000038,49.69375404300007],[5.869031957000061,49.69543800100007],[5.871974,49.698544499000036],[5.874404500000026,49.69915399900003],[5.87811350000004,49.70141949900005],[5.88168150000007,49.70539149900003],[5.886318500000073,49.70938299900007],[5.907228198000041,49.71154026200003],[5.913613765000036,49.70402128900008],[5.927788500000077,49.70357049900008],[5.933496578000074,49.70298990900005],[5.971133843000075,49.72049281500006],[5.985262224000053,49.72277139600004],[5.999495500000023,49.72087399900005],[5.998616406000053,49.71205990500005],[6.002289286000064,49.70528221600006],[6.000067430000058,49.698232191000045],[6.01033198500005,49.69502800600003],[6.022536,49.69587099900008],[6.021168965000072,49.69173654300005],[6.016594043000055,49.689508584000066],[6.010352524000041,49.688946583000074],[5.995275851000031,49.68758904500004],[5.991027981000059,49.69329637100003],[5.98092,49.68864699900007],[5.974568887000032,49.692304869000054],[5.949908792000031,49.68889309900004],[5.94223048300006,49.68437443000005],[5.943165014000044,49.67862019300003],[5.933496578000074,49.67969035600004],[5.927574545000027,49.680345843000055],[5.917686,49.672528499000066]]]}},{"type":"Feature","properties":{"GISCO_ID":"LU_0104","CNTR_CODE":"LU","LAU_ID":"0104","LAU_NAME":"K\u00e4erjeng","POP_2021":10517.0,"POP_DENS_2021":312.02406308,"AREA_KM2":33.70573377,"YEAR":2021},"geometry":{"type":"Polygon","coordinates":[[[5.898536,49.54708149900006],[5.885290500000053,49.547000499000035],[5.885037950000026,49.56119781400008],[5.875490638000031,49.56083258900003],[5.869031957000061,49.56903234500004],[5.865348500000039,49.57171499900005],[5.871059527000057,49.57454041400007],[5.867777604000025,49.58097007900005],[5.871345946000076,49.58589157400007],[5.868300619000024,49.588500658000044],[5.852571243000057,49.58744642000005],[5.848778500000037,49.59737399900007],[5.869031957000061,49.60566664300006],[5.875531959000057,49.60877979400004],[5.87633239400003,49.61902940600004],[5.880083,49.62335999900006],[5.88646,49.627166499000055],[5.892829,49.62855949900006],[5.89987222000002,49.62495330100006],[5.909295813000028,49.607060069000056],[5.928459244000067,49.59219919100008],[5.933263500000066,49.591244999000025],[5.931150195000043,49.58604921800003],[5.933496578000074,49.58265492900006],[5.94417478400004,49.567207781000036],[5.957888,49.568822999000076],[5.949829651000073,49.560580353000034],[5.939260851000029,49.56167006800007],[5.933496578000074,49.55828328000007],[5.931632101000048,49.55718781000007],[5.904365108000036,49.55164114300004],[5.898536,49.54708149900006]]]}},{"type":"Feature","properties":{"GISCO_ID":"LU_0105","CNTR_CODE":"LU","LAU_ID":"0105","LAU_NAME":"Kehlen","POP_2021":6138.0,"POP_DENS_2021":214.91091621,"AREA_KM2":28.56067113,"YEAR":2021},"geometry":{"type":"Polygon","coordinates":[[[5.977579500000047,49.64857049900007],[5.986444607000067,49.65375813900005],[5.993638428000054,49.66639987500008],[5.988952977000054,49.67298225900004],[5.994176175000064,49.680215761000056],[5.988684518000071,49.681258110000044],[5.98092,49.68864699900007],[5.991027981000059,49.69329637100003],[5.995275851000031,49.68758904500004],[6.010352524000041,49.688946583000074],[6.016594043000055,49.689508584000066],[6.021168965000072,49.69173654300005],[6.022536,49.69587099900008],[6.039662858000042,49.692789625000046],[6.047634623000022,49.694073235000076],[6.057348107000053,49.697627788000034],[6.062733542000046,49.70309923100007],[6.067861191000077,49.70279174800004],[6.07202,49.69882749900006],[6.076086715000031,49.69478244800007],[6.089148640000076,49.69832687000007],[6.090855,49.693061999000065],[6.090145500000062,49.685332499000026],[6.082692,49.67571049900005],[6.065889889000061,49.680314414000065],[6.067234791000033,49.67712213800007],[6.055378505000022,49.66956643000003],[6.053178306000063,49.66539669500003],[6.056797628000027,49.66013860100003],[6.067921500000068,49.65759849900007],[6.06062,49.65313649900003],[6.037521469000069,49.65468112800005],[6.027444377000052,49.65138483700008],[6.020915774000059,49.65502157900005],[6.010352524000041,49.65295926500005],[6.001301903000069,49.651192269000035],[5.99597023900003,49.64445902500006],[5.977579500000047,49.64857049900007]]]}},{"type":"Feature","properties":{"GISCO_ID":"LU_0106","CNTR_CODE":"LU","LAU_ID":"0106","LAU_NAME":"Koerich","POP_2021":2642.0,"POP_DENS_2021":138.97261444,"AREA_KM2":19.01093975,"YEAR":2021},"geometry":{"type":"Polygon","coordinates":[[[5.977579500000047,49.64857049900007],[5.966943030000039,49.647334844000056],[5.958738,49.64277399900004],[5.933496578000074,49.656930472000056],[5.929289607000044,49.65928992200003],[5.917686,49.672528499000066],[5.927574545000027,49.680345843000055],[5.933496578000074,49.67969035600004],[5.943165014000044,49.67862019300003],[5.94223048300006,49.68437443000005],[5.949908792000031,49.68889309900004],[5.974568887000032,49.692304869000054],[5.98092,49.68864699900007],[5.988684518000071,49.681258110000044],[5.994176175000064,49.680215761000056],[5.988952977000054,49.67298225900004],[5.993638428000054,49.66639987500008],[5.986444607000067,49.65375813900005],[5.977579500000047,49.64857049900007]]]}},{"type":"Feature","properties":{"GISCO_ID":"LU_0107","CNTR_CODE":"LU","LAU_ID":"0107","LAU_NAME":"Kopstal","POP_2021":4116.0,"POP_DENS_2021":513.45448344,"AREA_KM2":8.01628992,"YEAR":2021},"geometry":{"type":"Polygon","coordinates":[[[6.078370500000062,49.646839999000065],[6.074777804000064,49.65539380800004],[6.067921500000068,49.65759849900007],[6.056797628000027,49.66013860100003],[6.053178306000063,49.66539669500003],[6.055378505000022,49.66956643000003],[6.067234791000033,49.67712213800007],[6.065889889000061,49.680314414000065],[6.082692,49.67571049900005],[6.094198829000049,49.67033294600003],[6.104185,49.656551499000045],[6.099141043000031,49.651107456000034],[6.101164500000039,49.64627099900008],[6.078370500000062,49.646839999000065]]]}},{"type":"Feature","properties":{"GISCO_ID":"LU_0108","CNTR_CODE":"LU","LAU_ID":"0108","LAU_NAME":"Mamer","POP_2021":10218.0,"POP_DENS_2021":367.42652314,"AREA_KM2":27.80964181,"YEAR":2021},"geometry":{"type":"Polygon","coordinates":[[[6.06062,49.65313649900003],[6.047689840000032,49.640949714000044],[6.045891500000039,49.628531999000074],[6.03638370300007,49.62208405100006],[6.030717809000066,49.610880132000034],[6.01365710400006,49.610551489000045],[6.010352524000041,49.60689168300007],[6.007983500000023,49.60426799900006],[6.003309474000048,49.609948915000075],[5.987922566000066,49.601082887000075],[5.968769500000064,49.59891249900005],[5.965356624000037,49.60591189100006],[5.971747349000054,49.61084592700007],[5.971637276000024,49.61766352700005],[5.96562093700004,49.62451373500005],[5.965730828000062,49.63279857500004],[5.959873500000072,49.64164899900004],[5.958738,49.64277399900004],[5.966943030000039,49.647334844000056],[5.977579500000047,49.64857049900007],[5.99597023900003,49.64445902500006],[6.001301903000069,49.651192269000035],[6.010352524000041,49.65295926500005],[6.020915774000059,49.65502157900005],[6.027444377000052,49.65138483700008],[6.037521469000069,49.65468112800005],[6.06062,49.65313649900003]]]}},{"type":"Feature","properties":{"GISCO_ID":"LU_0110","CNTR_CODE":"LU","LAU_ID":"0110","LAU_NAME":"Steinfort","POP_2021":5617.0,"POP_DENS_2021":461.60126829,"AREA_KM2":12.16851076,"YEAR":2021},"geometry":{"type":"MultiPolygon","coordinates":[[[[5.890221,49.670108999000036],[5.894971061000035,49.67004034300004],[5.899724664000075,49.67567954700007],[5.917686,49.672528499000066],[5.929289607000044,49.65928992200003],[5.933496578000074,49.656930472000056],[5.958738,49.64277399900004],[5.959873500000072,49.64164899900004],[5.939310160000048,49.62938147300008],[5.933496578000074,49.635421628000074],[5.93123330700007,49.637773105000065],[5.921853777000024,49.63587563700003],[5.907128500000056,49.63864749900006],[5.902652551000074,49.64885558600008],[5.903956556000026,49.65888520300007],[5.909319465000067,49.663798316000054],[5.890221,49.670108999000036]]],[[[5.892829,49.62855949900006],[5.88646,49.627166499000055],[5.883717970000021,49.63124090900004],[5.887103492000051,49.63456787500007],[5.903163500000062,49.636239499000055],[5.90270442000002,49.63227470100003],[5.892829,49.62855949900006]]]]}},{"type":"Feature","properties":{"GISCO_ID":"LU_0201","CNTR_CODE":"LU","LAU_ID":"0201","LAU_NAME":"Bettembourg","POP_2021":11374.0,"POP_DENS_2021":526.51261811,"AREA_KM2":21.60252121,"YEAR":2021},"geometry":{"type":"Polygon","coordinates":[[[6.127827500000024,49.49369449900007],[6.10551618300002,49.506669497000075],[6.093200670000044,49.50063743900006],[6.074952920000044,49.50518866900006],[6.070633143000066,49.499139084000035],[6.061589500000025,49.500214999000036],[6.053410376000045,49.50588394300007],[6.039392,49.50468249900007],[6.041162,49.51203999900008],[6.047847580000052,49.51213446700007],[6.052482827000063,49.516645166000046],[6.053369990000022,49.52363384300003],[6.061661830000048,49.52961364300006],[6.059439562000023,49.53917509400003],[6.061157500000036,49.547704999000075],[6.084634,49.55202949900007],[6.097743666000042,49.54219556500004],[6.098387186000025,49.53668459200003],[6.105501214000071,49.527692614000046],[6.11308389200002,49.52709166200003],[6.123589873000071,49.51563511300003],[6.127146755000069,49.50977056900007],[6.127827500000024,49.49369449900007]]]}},{"type":"Feature","properties":{"GISCO_ID":"LU_0202","CNTR_CODE":"LU","LAU_ID":"0202","LAU_NAME":"Differdange","POP_2021":27869.0,"POP_DENS_2021":1259.29103368,"AREA_KM2":22.13070629,"YEAR":2021},"geometry":{"type":"Polygon","coordinates":[[[5.893386,49.49694449900005],[5.869031957000061,49.49900656400007],[5.836017,49.51998149900004],[5.835646723000025,49.52625028400007],[5.846244,49.52953349900008],[5.869031957000061,49.538961303000065],[5.87723083000003,49.54533637700007],[5.885290500000053,49.547000499000035],[5.898536,49.54708149900006],[5.907497836000061,49.54659075100005],[5.906816086000049,49.54310078900005],[5.914674289000061,49.535779079000065],[5.906912102000035,49.526819379000074],[5.908470919000024,49.523666210000044],[5.914167159000044,49.52224251200005],[5.915485985000032,49.513976470000046],[5.913299571000039,49.50880237300004],[5.903328169000076,49.502384524000036],[5.906454,49.50034199900006],[5.893386,49.49694449900005]]]}},{"type":"Feature","properties":{"GISCO_ID":"LU_0203","CNTR_CODE":"LU","LAU_ID":"0203","LAU_NAME":"Dudelange","POP_2021":21513.0,"POP_DENS_2021":1010.53992104,"AREA_KM2":21.28861963,"YEAR":2021},"geometry":{"type":"Polygon","coordinates":[[[6.061589500000025,49.500214999000036],[6.070633143000066,49.499139084000035],[6.074952920000044,49.50518866900006],[6.093200670000044,49.50063743900006],[6.10551618300002,49.506669497000075],[6.127827500000024,49.49369449900007],[6.126544848000037,49.48255408800003],[6.122091582000053,49.47341585400005],[6.104445307000049,49.470767874000046],[6.09946319900007,49.46612890100005],[6.100806,49.45291149900004],[6.086491855000077,49.45566687200005],[6.078439722000041,49.46327637400003],[6.071055220000062,49.46508507300007],[6.057008090000068,49.46552517500004],[6.04981,49.45973149900004],[6.048647235000033,49.46259998800008],[6.057134292000057,49.47825554700006],[6.053655801000048,49.48119300900004],[6.05917426000002,49.48847097200007],[6.055484235000051,49.497432409000055],[6.061589500000025,49.500214999000036]]]}},{"type":"Feature","properties":{"GISCO_ID":"LU_0204","CNTR_CODE":"LU","LAU_ID":"0204","LAU_NAME":"Esch-sur-Alzette","POP_2021":36228.0,"POP_DENS_2021":2500.98873726,"AREA_KM2":14.48547107,"YEAR":2021},"geometry":{"type":"Polygon","coordinates":[[[5.99306450000006,49.46886249900007],[5.986803,49.462638999000035],[5.978518536000024,49.462060509000025],[5.973138893000055,49.467070172000035],[5.971473528000047,49.47492414000004],[5.974232194000024,49.48015679400004],[5.969813812000041,49.48614124900007],[5.972371179000049,49.49023392300006],[5.955325,49.493354999000076],[5.941056,49.50059899900003],[5.950246117000063,49.50704475500004],[5.947853673000054,49.509131007000065],[5.949306258000036,49.51083989500006],[5.966875,49.51443049900007],[5.980829415000073,49.51200532200005],[5.999664500000051,49.51861849900007],[6.000398572000051,49.50906617800007],[5.994581237000034,49.49694622000004],[6.00375450000007,49.48621899900007],[6.000483821000046,49.476953027000036],[5.99306450000006,49.46886249900007]],[[5.99493831500007,49.48625024200004],[5.999782348000053,49.48252569200008],[6.002137085000072,49.484241577000034],[5.99938579600007,49.48824126000005],[5.99493831500007,49.48625024200004]]]}},{"type":"Feature","properties":{"GISCO_ID":"LU_0205","CNTR_CODE":"LU","LAU_ID":"0205","LAU_NAME":"Frisange","POP_2021":4769.0,"POP_DENS_2021":260.46926328,"AREA_KM2":18.30926206,"YEAR":2021},"geometry":{"type":"Polygon","coordinates":[[[6.228780500000028,49.53853999900008],[6.238473115000033,49.53109752700004],[6.236676785000043,49.51859263400007],[6.240621,49.51501999900006],[6.240108,49.514320499000064],[6.235631,49.50809849900003],[6.225423878000072,49.50974762800007],[6.217807535000077,49.50916591600003],[6.216725,49.50684349900007],[6.179625,49.50709549900006],[6.174487340000042,49.509198369000046],[6.171010774000024,49.50812026300008],[6.156240808000064,49.50354],[6.15507008000003,49.50018527200007],[6.160951228000044,49.49337005500007],[6.1446,49.48777399900007],[6.141085,49.48646149900003],[6.14185,49.49163049900005],[6.13158269500002,49.50295279300008],[6.132322690000024,49.50900687600006],[6.155483500000059,49.521108999000035],[6.169694179000032,49.51796889500008],[6.178206924000051,49.52504330100004],[6.19877741800002,49.52682331600005],[6.212921048000055,49.53311625400005],[6.217944745000068,49.53834363100003],[6.228780500000028,49.53853999900008]]]}},{"type":"Feature","properties":{"GISCO_ID":"LU_0206","CNTR_CODE":"LU","LAU_ID":"0206","LAU_NAME":"Kayl","POP_2021":9668.0,"POP_DENS_2021":649.94747815,"AREA_KM2":14.8750481,"YEAR":2021},"geometry":{"type":"Polygon","coordinates":[[[5.99306450000006,49.46886249900007],[6.000483821000046,49.476953027000036],[6.00375450000007,49.48621899900007],[6.010352524000041,49.490786108000066],[6.018111142000066,49.496156572000075],[6.039392,49.50468249900007],[6.053410376000045,49.50588394300007],[6.061589500000025,49.500214999000036],[6.055484235000051,49.497432409000055],[6.05917426000002,49.48847097200007],[6.053655801000048,49.48119300900004],[6.057134292000057,49.47825554700006],[6.048647235000033,49.46259998800008],[6.04981,49.45973149900004],[6.042142,49.44783799900006],[6.032897,49.44936749900006],[6.032884090000039,49.452390782000066],[6.039038419000065,49.45524821500004],[6.039146439000035,49.46139935600007],[6.035293840000065,49.466714651000075],[6.015961615000037,49.46986197000007],[6.010352524000041,49.473026821000076],[6.005704734000062,49.475649271000066],[5.998429048000048,49.46851950100006],[5.99306450000006,49.46886249900007]]]}},{"type":"Feature","properties":{"GISCO_ID":"LU_0207","CNTR_CODE":"LU","LAU_ID":"0207","LAU_NAME":"Leudelange","POP_2021":2704.0,"POP_DENS_2021":197.64169529,"AREA_KM2":13.68132365,"YEAR":2021},"geometry":{"type":"Polygon","coordinates":[[[6.047258500000055,49.55253249900005],[6.037880693000034,49.56716840200005],[6.039483030000042,49.56980132900003],[6.048754651000024,49.57136841200003],[6.046608500000048,49.584842999000045],[6.051853,49.58655499900004],[6.057423500000027,49.58755099900003],[6.059852,49.587661999000034],[6.069355,49.58982499900003],[6.077341224000065,49.58762087200006],[6.080298595000045,49.57758768100007],[6.09246790800006,49.57787226600004],[6.102765561000069,49.57021487500003],[6.101753,49.56471749900004],[6.093925209000076,49.56250876300004],[6.084634,49.55202949900007],[6.061157500000036,49.547704999000075],[6.059888963000049,49.55079876800005],[6.05197617400006,49.54949804300003],[6.047258500000055,49.55253249900005]]]}},{"type":"Feature","properties":{"GISCO_ID":"LU_0208","CNTR_CODE":"LU","LAU_ID":"0208","LAU_NAME":"Mondercange","POP_2021":6982.0,"POP_DENS_2021":326.19059403,"AREA_KM2":21.4046638,"YEAR":2021},"geometry":{"type":"Polygon","coordinates":[[[6.061157500000036,49.547704999000075],[6.059439562000023,49.53917509400003],[6.061661830000048,49.52961364300006],[6.053369990000022,49.52363384300003],[6.052482827000063,49.516645166000046],[6.047847580000052,49.51213446700007],[6.041162,49.51203999900008],[6.019352157000071,49.5229],[6.010352524000041,49.52094283800005],[5.999664500000051,49.51861849900007],[5.980829415000073,49.51200532200005],[5.966875,49.51443049900007],[5.975047967000023,49.51746073500004],[5.975207487000034,49.52622934400006],[5.971014241000034,49.52963553500007],[5.955255775000069,49.53060400700008],[5.953604289000054,49.53337415100003],[5.969521,49.54746999900004],[5.971025775000044,49.551676265000026],[5.979082872000049,49.55141417800007],[6.010352524000041,49.53860218400007],[6.016714191000062,49.535995643000035],[6.034844862000057,49.54320184200003],[6.047258500000055,49.55253249900005],[6.05197617400006,49.54949804300003],[6.059888963000049,49.55079876800005],[6.061157500000036,49.547704999000075]]]}},{"type":"Feature","properties":{"GISCO_ID":"LU_0209","CNTR_CODE":"LU","LAU_ID":"0209","LAU_NAME":"P\u00e9tange","POP_2021":20084.0,"POP_DENS_2021":1675.77302119,"AREA_KM2":11.98491666,"YEAR":2021},"geometry":{"type":"Polygon","coordinates":[[[5.885290500000053,49.547000499000035],[5.87723083000003,49.54533637700007],[5.869031957000061,49.538961303000065],[5.846244,49.52953349900008],[5.835627747000046,49.54167613800007],[5.817181,49.53702949900003],[5.810563,49.54343349900006],[5.815228,49.54496749900005],[5.818117,49.54631049900007],[5.824633135000056,49.55130519200003],[5.842545212000061,49.553650342000026],[5.845670651000034,49.56099486800008],[5.865348500000039,49.57171499900005],[5.869031957000061,49.56903234500004],[5.875490638000031,49.56083258900003],[5.885037950000026,49.56119781400008],[5.885290500000053,49.547000499000035]]]}},{"type":"Feature","properties":{"GISCO_ID":"LU_0210","CNTR_CODE":"LU","LAU_ID":"0210","LAU_NAME":"Reckange-sur-Mess","POP_2021":2634.0,"POP_DENS_2021":128.29303065,"AREA_KM2":20.53112306,"YEAR":2021},"geometry":{"type":"Polygon","coordinates":[[[5.961127500000032,49.56810249900008],[5.969530116000044,49.57013057900008],[5.981406138000068,49.56322526500003],[5.991431322000039,49.565344914000036],[6.010352524000041,49.578758159000074],[6.014437500000042,49.58165399900008],[6.025372333000064,49.58408015100008],[6.03131772200004,49.58229904700005],[6.035080844000049,49.58560422700003],[6.046608500000048,49.584842999000045],[6.048754651000024,49.57136841200003],[6.039483030000042,49.56980132900003],[6.037880693000034,49.56716840200005],[6.047258500000055,49.55253249900005],[6.034844862000057,49.54320184200003],[6.016714191000062,49.535995643000035],[6.010352524000041,49.53860218400007],[5.979082872000049,49.55141417800007],[5.971025775000044,49.551676265000026],[5.969521,49.54746999900004],[5.961368052000068,49.54810624900006],[5.964894637000043,49.56047498600003],[5.961127500000032,49.56810249900008]]]}},{"type":"Feature","properties":{"GISCO_ID":"LU_0211","CNTR_CODE":"LU","LAU_ID":"0211","LAU_NAME":"Roeser","POP_2021":6560.0,"POP_DENS_2021":272.40747594,"AREA_KM2":24.0815711,"YEAR":2021},"geometry":{"type":"Polygon","coordinates":[[[6.14185,49.49163049900005],[6.133348364000028,49.49051063100006],[6.127827500000024,49.49369449900007],[6.127146755000069,49.50977056900007],[6.123589873000071,49.51563511300003],[6.11308389200002,49.52709166200003],[6.105501214000071,49.527692614000046],[6.098387186000025,49.53668459200003],[6.097743666000042,49.54219556500004],[6.084634,49.55202949900007],[6.093925209000076,49.56250876300004],[6.101753,49.56471749900004],[6.107605553000042,49.566305140000054],[6.109499662000076,49.56223735200007],[6.113714500000071,49.56098749900008],[6.143491449000066,49.55453861700005],[6.159513769000057,49.554739866000034],[6.171010774000024,49.550618608000036],[6.173141,49.54985499900005],[6.172323729000027,49.536788802000046],[6.171010774000024,49.535136084000044],[6.160240664000071,49.52919668900006],[6.161869934000038,49.524011950000045],[6.155483500000059,49.521108999000035],[6.132322690000024,49.50900687600006],[6.13158269500002,49.50295279300008],[6.14185,49.49163049900005]]]}},{"type":"Feature","properties":{"GISCO_ID":"LU_0212","CNTR_CODE":"LU","LAU_ID":"0212","LAU_NAME":"Rumelange","POP_2021":5613.0,"POP_DENS_2021":824.83587552,"AREA_KM2":6.80499014,"YEAR":2021},"geometry":{"type":"Polygon","coordinates":[[[5.986803,49.462638999000035],[5.99306450000006,49.46886249900007],[5.998429048000048,49.46851950100006],[6.005704734000062,49.475649271000066],[6.010352524000041,49.473026821000076],[6.015961615000037,49.46986197000007],[6.035293840000065,49.466714651000075],[6.039146439000035,49.46139935600007],[6.039038419000065,49.45524821500004],[6.032884090000039,49.452390782000066],[6.032897,49.44936749900006],[6.027489169000035,49.449631202000035],[6.02640598000005,49.45502636000003],[6.010352524000041,49.45263237700004],[6.008504441000071,49.45235678000006],[5.999055275000046,49.45632923800008],[5.982033,49.451099499000065],[5.980049563000023,49.45499759300003],[5.986200901000075,49.45768364400004],[5.986803,49.462638999000035]]]}},{"type":"Feature","properties":{"GISCO_ID":"LU_0213","CNTR_CODE":"LU","LAU_ID":"0213","LAU_NAME":"Sanem","POP_2021":17895.0,"POP_DENS_2021":731.48160805,"AREA_KM2":24.4640464,"YEAR":2021},"geometry":{"type":"Polygon","coordinates":[[[5.906454,49.50034199900006],[5.903328169000076,49.502384524000036],[5.913299571000039,49.50880237300004],[5.915485985000032,49.513976470000046],[5.914167159000044,49.52224251200005],[5.908470919000024,49.523666210000044],[5.906912102000035,49.526819379000074],[5.914674289000061,49.535779079000065],[5.906816086000049,49.54310078900005],[5.907497836000061,49.54659075100005],[5.898536,49.54708149900006],[5.904365108000036,49.55164114300004],[5.931632101000048,49.55718781000007],[5.933496578000074,49.55828328000007],[5.939260851000029,49.56167006800007],[5.949829651000073,49.560580353000034],[5.957888,49.568822999000076],[5.961127500000032,49.56810249900008],[5.964894637000043,49.56047498600003],[5.961368052000068,49.54810624900006],[5.969521,49.54746999900004],[5.953604289000054,49.53337415100003],[5.955255775000069,49.53060400700008],[5.971014241000034,49.52963553500007],[5.975207487000034,49.52622934400006],[5.975047967000023,49.51746073500004],[5.966875,49.51443049900007],[5.949306258000036,49.51083989500006],[5.947853673000054,49.509131007000065],[5.950246117000063,49.50704475500004],[5.941056,49.50059899900003],[5.936189,49.49998449900005],[5.933496578000074,49.50001687000008],[5.906454,49.50034199900006]]]}},{"type":"Feature","properties":{"GISCO_ID":"LU_0214","CNTR_CODE":"LU","LAU_ID":"0214","LAU_NAME":"Schifflange","POP_2021":11291.0,"POP_DENS_2021":1455.22049332,"AREA_KM2":7.75896165,"YEAR":2021},"geometry":{"type":"MultiPolygon","coordinates":[[[[6.00375450000007,49.48621899900007],[5.994581237000034,49.49694622000004],[6.000398572000051,49.50906617800007],[5.999664500000051,49.51861849900007],[6.010352524000041,49.52094283800005],[6.019352157000071,49.5229],[6.041162,49.51203999900008],[6.039392,49.50468249900007],[6.018111142000066,49.496156572000075],[6.010352524000041,49.490786108000066],[6.00375450000007,49.48621899900007]]],[[[5.99493831500007,49.48625024200004],[5.99938579600007,49.48824126000005],[6.002137085000072,49.484241577000034],[5.999782348000053,49.48252569200008],[5.99493831500007,49.48625024200004]]]]}},{"type":"Feature","properties":{"GISCO_ID":"LU_0301","CNTR_CODE":"LU","LAU_ID":"0301","LAU_NAME":"Bertrange","POP_2021":8472.0,"POP_DENS_2021":490.79969241,"AREA_KM2":17.26162451,"YEAR":2021},"geometry":{"type":"Polygon","coordinates":[[[6.007983500000023,49.60426799900006],[6.010352524000041,49.60689168300007],[6.01365710400006,49.610551489000045],[6.030717809000066,49.610880132000034],[6.03638370300007,49.62208405100006],[6.045891500000039,49.628531999000074],[6.055213137000067,49.61835148900008],[6.061883837000039,49.61802394400007],[6.062933348000058,49.61379980500004],[6.07731855000003,49.61069993000007],[6.082353,49.60560449900004],[6.075436579000041,49.600288541000054],[6.076389636000044,49.59482854600003],[6.069355,49.58982499900003],[6.059852,49.587661999000034],[6.057423500000027,49.58755099900003],[6.051853,49.58655499900004],[6.046608500000048,49.584842999000045],[6.035080844000049,49.58560422700003],[6.03131772200004,49.58229904700005],[6.025372333000064,49.58408015100008],[6.014437500000042,49.58165399900008],[6.010352524000041,49.58365694100007],[6.005147344000022,49.58620914000005],[6.009522582000045,49.59162095900007],[5.999192846000028,49.595395051000025],[6.007983500000023,49.60426799900006]]]}},{"type":"Feature","properties":{"GISCO_ID":"LU_0302","CNTR_CODE":"LU","LAU_ID":"0302","LAU_NAME":"Contern","POP_2021":3968.0,"POP_DENS_2021":190.69781664,"AREA_KM2":20.80778936,"YEAR":2021},"geometry":{"type":"Polygon","coordinates":[[[6.202856500000053,49.57545399900005],[6.197959301000026,49.58164274500007],[6.201060746000053,49.58471273100008],[6.199793380000074,49.59014108300005],[6.209874,49.59960649900006],[6.216152362000059,49.602767517000075],[6.233043828000064,49.60394655200008],[6.238775,49.609657499000036],[6.254620343000056,49.60485719500008],[6.276063500000021,49.60433999900005],[6.275114734000056,49.60183728000004],[6.286194232000071,49.60209038200003],[6.295677167000065,49.59733065800003],[6.301793930000031,49.58946432400006],[6.300762,49.58262999900006],[6.290376661000039,49.586504888000036],[6.271455925000055,49.58444356200005],[6.265837417000057,49.57910308400005],[6.258033657000055,49.57712398600006],[6.253775,49.56864499900007],[6.231235,49.570043499000064],[6.222170082000048,49.573744297000076],[6.212383053000053,49.572830011000065],[6.206969799000035,49.57689675300003],[6.202856500000053,49.57545399900005]]]}},{"type":"Feature","properties":{"GISCO_ID":"LU_0303","CNTR_CODE":"LU","LAU_ID":"0303","LAU_NAME":"Hesperange","POP_2021":15657.0,"POP_DENS_2021":571.46438881,"AREA_KM2":27.39803268,"YEAR":2021},"geometry":{"type":"Polygon","coordinates":[[[6.202856500000053,49.57545399900005],[6.201874773000043,49.56832864000006],[6.194664829000033,49.55996202500006],[6.182473154000036,49.559533454000075],[6.183382367000036,49.550536313000066],[6.173141,49.54985499900005],[6.171010774000024,49.550618608000036],[6.159513769000057,49.554739866000034],[6.143491449000066,49.55453861700005],[6.113714500000071,49.56098749900008],[6.116700843000046,49.56774979700003],[6.124346391000074,49.57063757100008],[6.121804076000046,49.57588184400004],[6.124713026000052,49.580435683000076],[6.130621871000073,49.580538852000075],[6.139596794000056,49.58792857100008],[6.14858752400005,49.59028828400005],[6.162639485000057,49.60238848700004],[6.171010774000024,49.60572904000003],[6.175261935000037,49.60742546000006],[6.192044,49.604877499000054],[6.205324476000044,49.60561982200005],[6.209874,49.59960649900006],[6.199793380000074,49.59014108300005],[6.201060746000053,49.58471273100008],[6.197959301000026,49.58164274500007],[6.202856500000053,49.57545399900005]]]}},{"type":"Feature","properties":{"GISCO_ID":"LU_0304","CNTR_CODE":"LU","LAU_ID":"0304","LAU_NAME":"Luxembourg","POP_2021":124509.0,"POP_DENS_2021":2406.56839359,"AREA_KM2":51.73715417,"YEAR":2021},"geometry":{"type":"Polygon","coordinates":[[[6.189203500000076,49.62568999900003],[6.19201935500007,49.61856738100005],[6.201729679000039,49.61228858900006],[6.192044,49.604877499000054],[6.175261935000037,49.60742546000006],[6.171010774000024,49.60572904000003],[6.162639485000057,49.60238848700004],[6.14858752400005,49.59028828400005],[6.139596794000056,49.58792857100008],[6.130621871000073,49.580538852000075],[6.124713026000052,49.580435683000076],[6.121804076000046,49.57588184400004],[6.124346391000074,49.57063757100008],[6.116700843000046,49.56774979700003],[6.113714500000071,49.56098749900008],[6.109499662000076,49.56223735200007],[6.107605553000042,49.566305140000054],[6.101753,49.56471749900004],[6.102765561000069,49.57021487500003],[6.09246790800006,49.57787226600004],[6.080298595000045,49.57758768100007],[6.077341224000065,49.58762087200006],[6.069355,49.58982499900003],[6.076389636000044,49.59482854600003],[6.075436579000041,49.600288541000054],[6.082353,49.60560449900004],[6.095512918000054,49.61612248200004],[6.100248667000074,49.623374245000036],[6.07086268300003,49.62956903800006],[6.070302291000075,49.63352347500006],[6.078370500000062,49.646839999000065],[6.101164500000039,49.64627099900008],[6.114582194000036,49.649781637000046],[6.150953772000037,49.65022602400006],[6.159718,49.65486799900003],[6.156187084000067,49.64401903400005],[6.165210500000057,49.64473449900004],[6.161826494000024,49.63891379100005],[6.171010774000024,49.63756943000004],[6.180005713000071,49.63625278400008],[6.184910082000044,49.632398987000045],[6.181050248000076,49.62473569900004],[6.189203500000076,49.62568999900003]]]}},{"type":"Feature","properties":{"GISCO_ID":"LU_0305","CNTR_CODE":"LU","LAU_ID":"0305","LAU_NAME":"Niederanven","POP_2021":6349.0,"POP_DENS_2021":153.05226596,"AREA_KM2":41.48256127,"YEAR":2021},"geometry":{"type":"Polygon","coordinates":[[[6.214805500000068,49.68495749900006],[6.258088863000069,49.68585864200003],[6.264627993000033,49.68347522400006],[6.269027418000064,49.67719174700005],[6.277930500000025,49.677899499000034],[6.278691189000028,49.66680421900003],[6.285874138000054,49.663378023000064],[6.282322457000021,49.65376681400005],[6.28955250000007,49.647279999000034],[6.252461467000046,49.637637607000045],[6.240985263000027,49.62755567000005],[6.231572,49.624284999000054],[6.211633949000031,49.62553215300005],[6.204671351000059,49.631444370000054],[6.189203500000076,49.62568999900003],[6.181050248000076,49.62473569900004],[6.184910082000044,49.632398987000045],[6.180005713000071,49.63625278400008],[6.171010774000024,49.63756943000004],[6.161826494000024,49.63891379100005],[6.165210500000057,49.64473449900004],[6.166217354000025,49.64978556900007],[6.171010774000024,49.65491307500008],[6.174623513000029,49.65877761100006],[6.19587060200007,49.66924686100003],[6.214805500000068,49.68495749900006]]]}},{"type":"Feature","properties":{"GISCO_ID":"LU_0306","CNTR_CODE":"LU","LAU_ID":"0306","LAU_NAME":"Sandweiler","POP_2021":3659.0,"POP_DENS_2021":471.2176056,"AREA_KM2":7.76499001,"YEAR":2021},"geometry":{"type":"Polygon","coordinates":[[[6.209874,49.59960649900006],[6.205324476000044,49.60561982200005],[6.192044,49.604877499000054],[6.201729679000039,49.61228858900006],[6.19201935500007,49.61856738100005],[6.189203500000076,49.62568999900003],[6.204671351000059,49.631444370000054],[6.211633949000031,49.62553215300005],[6.231572,49.624284999000054],[6.239145393000058,49.61999331200008],[6.238775,49.609657499000036],[6.233043828000064,49.60394655200008],[6.216152362000059,49.602767517000075],[6.209874,49.59960649900006]]]}},{"type":"Feature","properties":{"GISCO_ID":"LU_0307","CNTR_CODE":"LU","LAU_ID":"0307","LAU_NAME":"Schuttrange","POP_2021":4272.0,"POP_DENS_2021":264.28549641,"AREA_KM2":16.16433765,"YEAR":2021},"geometry":{"type":"Polygon","coordinates":[[[6.303172500000073,49.636636499000076],[6.309686500000055,49.62838349900005],[6.304466,49.62605149900003],[6.276063500000021,49.60433999900005],[6.254620343000056,49.60485719500008],[6.238775,49.609657499000036],[6.239145393000058,49.61999331200008],[6.231572,49.624284999000054],[6.240985263000027,49.62755567000005],[6.252461467000046,49.637637607000045],[6.28955250000007,49.647279999000034],[6.293021666000072,49.638458376000074],[6.303172500000073,49.636636499000076]]]}},{"type":"Feature","properties":{"GISCO_ID":"LU_0308","CNTR_CODE":"LU","LAU_ID":"0308","LAU_NAME":"Steinsel","POP_2021":5500.0,"POP_DENS_2021":251.31871155,"AREA_KM2":21.8845623,"YEAR":2021},"geometry":{"type":"Polygon","coordinates":[[[6.104185,49.656551499000045],[6.094198829000049,49.67033294600003],[6.082692,49.67571049900005],[6.090145500000062,49.685332499000026],[6.12465820500006,49.69173584200007],[6.132022953000046,49.68951541600006],[6.135215980000055,49.68337251300005],[6.14669845800006,49.681656374000056],[6.169031,49.685951499000055],[6.171010774000024,49.685744654000075],[6.194290254000066,49.683312440000066],[6.198152291000042,49.68788573300003],[6.209757073000048,49.68881503600005],[6.214805500000068,49.68495749900006],[6.19587060200007,49.66924686100003],[6.174623513000029,49.65877761100006],[6.171010774000024,49.65491307500008],[6.166217354000025,49.64978556900007],[6.165210500000057,49.64473449900004],[6.156187084000067,49.64401903400005],[6.159718,49.65486799900003],[6.162916333000055,49.659295720000046],[6.156801382000026,49.66888667900008],[6.144280719000051,49.66629395000007],[6.130134863000023,49.66884431900007],[6.123138742000037,49.661396016000026],[6.104185,49.656551499000045]]]}},{"type":"Feature","properties":{"GISCO_ID":"LU_0309","CNTR_CODE":"LU","LAU_ID":"0309","LAU_NAME":"Strassen","POP_2021":10249.0,"POP_DENS_2021":965.69602639,"AREA_KM2":10.61307049,"YEAR":2021},"geometry":{"type":"Polygon","coordinates":[[[6.045891500000039,49.628531999000074],[6.047689840000032,49.640949714000044],[6.06062,49.65313649900003],[6.067921500000068,49.65759849900007],[6.074777804000064,49.65539380800004],[6.078370500000062,49.646839999000065],[6.070302291000075,49.63352347500006],[6.07086268300003,49.62956903800006],[6.100248667000074,49.623374245000036],[6.095512918000054,49.61612248200004],[6.082353,49.60560449900004],[6.07731855000003,49.61069993000007],[6.062933348000058,49.61379980500004],[6.061883837000039,49.61802394400007],[6.055213137000067,49.61835148900008],[6.045891500000039,49.628531999000074]]]}},{"type":"Feature","properties":{"GISCO_ID":"LU_0310","CNTR_CODE":"LU","LAU_ID":"0310","LAU_NAME":"Walferdange","POP_2021":8418.0,"POP_DENS_2021":1192.56051848,"AREA_KM2":7.05876127,"YEAR":2021},"geometry":{"type":"Polygon","coordinates":[[[6.101164500000039,49.64627099900008],[6.099141043000031,49.651107456000034],[6.104185,49.656551499000045],[6.123138742000037,49.661396016000026],[6.130134863000023,49.66884431900007],[6.144280719000051,49.66629395000007],[6.156801382000026,49.66888667900008],[6.162916333000055,49.659295720000046],[6.159718,49.65486799900003],[6.150953772000037,49.65022602400006],[6.114582194000036,49.649781637000046],[6.101164500000039,49.64627099900008]]]}},{"type":"Feature","properties":{"GISCO_ID":"LU_0311","CNTR_CODE":"LU","LAU_ID":"0311","LAU_NAME":"Weiler-la-Tour","POP_2021":2456.0,"POP_DENS_2021":143.46225986,"AREA_KM2":17.11948496,"YEAR":2021},"geometry":{"type":"Polygon","coordinates":[[[6.231235,49.570043499000064],[6.232291254000074,49.55500769200006],[6.220342455000036,49.55455768500008],[6.228458466000063,49.54319828400003],[6.228780500000028,49.53853999900008],[6.217944745000068,49.53834363100003],[6.212921048000055,49.53311625400005],[6.19877741800002,49.52682331600005],[6.178206924000051,49.52504330100004],[6.169694179000032,49.51796889500008],[6.155483500000059,49.521108999000035],[6.161869934000038,49.524011950000045],[6.160240664000071,49.52919668900006],[6.171010774000024,49.535136084000044],[6.172323729000027,49.536788802000046],[6.173141,49.54985499900005],[6.183382367000036,49.550536313000066],[6.182473154000036,49.559533454000075],[6.194664829000033,49.55996202500006],[6.201874773000043,49.56832864000006],[6.202856500000053,49.57545399900005],[6.206969799000035,49.57689675300003],[6.212383053000053,49.572830011000065],[6.222170082000048,49.573744297000076],[6.231235,49.570043499000064]]]}},{"type":"Feature","properties":{"GISCO_ID":"LU_0401","CNTR_CODE":"LU","LAU_ID":"0401","LAU_NAME":"Colmar-Berg","POP_2021":2238.0,"POP_DENS_2021":181.13637752,"AREA_KM2":12.35533155,"YEAR":2021},"geometry":{"type":"Polygon","coordinates":[[[6.04034850000005,49.82608799900004],[6.04155350000002,49.82647499900003],[6.048960202000046,49.82541602300006],[6.062057073000062,49.83090921400003],[6.072496500000057,49.830002999000044],[6.074409975000037,49.82528696900005],[6.092104514000027,49.822144567000066],[6.096440636000068,49.81571500800004],[6.10532986000004,49.81406602800007],[6.10933650000004,49.81037999900008],[6.115094275000047,49.80111455500003],[6.106082314000048,49.79278978000008],[6.10747,49.79127149900006],[6.101682500000038,49.78898299900004],[6.084209801000043,49.79734849700003],[6.063626236000061,49.801369442000066],[6.062136648000035,49.81090748400004],[6.047455925000065,49.81667942900003],[6.04076550000002,49.822820999000044],[6.04034850000005,49.82608799900004]]]}},{"type":"Feature","properties":{"GISCO_ID":"LU_0402","CNTR_CODE":"LU","LAU_ID":"0402","LAU_NAME":"Bissen","POP_2021":3269.0,"POP_DENS_2021":156.9645954,"AREA_KM2":20.82635254,"YEAR":2021},"geometry":{"type":"Polygon","coordinates":[[[6.044323500000075,49.76396049900006],[6.038172164000059,49.76672907600005],[6.03921301400004,49.77400864100008],[6.034753443000056,49.78067745700008],[6.024163603000034,49.78150141100008],[6.01360950000003,49.78696899900007],[6.016315861000066,49.795349043000044],[6.034527637000053,49.803855690000034],[6.028982848000055,49.812935468000035],[6.03310790300003,49.81994249600007],[6.04076550000002,49.822820999000044],[6.047455925000065,49.81667942900003],[6.062136648000035,49.81090748400004],[6.063626236000061,49.801369442000066],[6.084209801000043,49.79734849700003],[6.101682500000038,49.78898299900004],[6.097211499000025,49.785129719000054],[6.096223854000073,49.77894603300007],[6.08231956000003,49.77434688000005],[6.076671523000073,49.76836088700003],[6.060791821000066,49.77085562900004],[6.044323500000075,49.76396049900006]]]}},{"type":"Feature","properties":{"GISCO_ID":"LU_0403","CNTR_CODE":"LU","LAU_ID":"0403","LAU_NAME":"Helperknapp","POP_2021":4538.0,"POP_DENS_2021":120.33525393,"AREA_KM2":37.71130946,"YEAR":2021},"geometry":{"type":"Polygon","coordinates":[[[6.005355500000064,49.787122999000076],[6.010352524000041,49.787029766000046],[6.01360950000003,49.78696899900007],[6.024163603000034,49.78150141100008],[6.034753443000056,49.78067745700008],[6.03921301400004,49.77400864100008],[6.038172164000059,49.76672907600005],[6.044323500000075,49.76396049900006],[6.041312667000057,49.760877479000044],[6.043597479000027,49.75200370600004],[6.038005553000062,49.74367704300005],[6.041528904000074,49.73523439300004],[6.054531465000025,49.727691572000026],[6.05881120600003,49.72207872400003],[6.067327976000058,49.723979271000076],[6.080917692000071,49.71485483500004],[6.07202,49.69882749900006],[6.067861191000077,49.70279174800004],[6.062733542000046,49.70309923100007],[6.057348107000053,49.697627788000034],[6.047634623000022,49.694073235000076],[6.039662858000042,49.692789625000046],[6.022536,49.69587099900008],[6.01033198500005,49.69502800600003],[6.000067430000058,49.698232191000045],[6.002289286000064,49.70528221600006],[5.998616406000053,49.71205990500005],[5.999495500000023,49.72087399900005],[6.004288311000039,49.725760499000046],[6.004465737000032,49.73650652100008],[5.997487561000071,49.74196190400005],[5.988430624000046,49.742217882000034],[5.98837450000002,49.75217499900003],[5.998841450000043,49.76191355700007],[5.997417148000068,49.76924634800008],[6.000729905000071,49.77515611300004],[5.998629874000073,49.78228803600007],[6.005355500000064,49.787122999000076]]]}},{"type":"Feature","properties":{"GISCO_ID":"LU_0404","CNTR_CODE":"LU","LAU_ID":"0404","LAU_NAME":"Fischbach","POP_2021":1238.0,"POP_DENS_2021":63.35416553,"AREA_KM2":19.54094083,"YEAR":2021},"geometry":{"type":"Polygon","coordinates":[[[6.227583500000037,49.74972199900003],[6.218018099000062,49.732258211000044],[6.204907439000067,49.725659637000035],[6.201338728000053,49.72090678700005],[6.184893,49.71458299900007],[6.176045,49.72243749900008],[6.183216731000073,49.730300283000076],[6.171010774000024,49.743255943000065],[6.157051,49.74458449900004],[6.158073241000068,49.752610133000076],[6.14733958000005,49.749795808000044],[6.142885644000046,49.75346219200003],[6.153394761000072,49.76851314400005],[6.152276500000028,49.771077999000056],[6.156861500000048,49.77210799900007],[6.159223,49.77339799900005],[6.166637359000049,49.77385108200008],[6.171010774000024,49.76844463200007],[6.175781818000075,49.76254662900004],[6.182519318000061,49.760088831000076],[6.199549755000021,49.76101790300004],[6.211739428000044,49.75737311100005],[6.221932,49.75973349900005],[6.226854457000059,49.757889430000034],[6.223725542000068,49.75486265100005],[6.227583500000037,49.74972199900003]]]}},{"type":"Feature","properties":{"GISCO_ID":"LU_0405","CNTR_CODE":"LU","LAU_ID":"0405","LAU_NAME":"Heffingen","POP_2021":1520.0,"POP_DENS_2021":114.47581498,"AREA_KM2":13.27791377,"YEAR":2021},"geometry":{"type":"Polygon","coordinates":[[[6.227583500000037,49.74972199900003],[6.223725542000068,49.75486265100005],[6.226854457000059,49.757889430000034],[6.221932,49.75973349900005],[6.228625107000028,49.76715635900007],[6.221464089000051,49.77722213800007],[6.224613559000034,49.785512088000075],[6.235577500000034,49.791840999000044],[6.238525605000063,49.78665874700005],[6.244957683000052,49.788053285000046],[6.248574,49.785378499000046],[6.244682637000039,49.78145346100007],[6.260296370000049,49.77733197800006],[6.266555654000058,49.77067702100004],[6.275967432000073,49.768002694000074],[6.279024,49.762537999000074],[6.265658500000029,49.746672999000054],[6.264930500000048,49.74432249900008],[6.227583500000037,49.74972199900003]]]}},{"type":"Feature","properties":{"GISCO_ID":"LU_0406","CNTR_CODE":"LU","LAU_ID":"0406","LAU_NAME":"Larochette","POP_2021":2220.0,"POP_DENS_2021":144.00988864,"AREA_KM2":15.41560806,"YEAR":2021},"geometry":{"type":"Polygon","coordinates":[[[6.235577500000034,49.791840999000044],[6.224613559000034,49.785512088000075],[6.221464089000051,49.77722213800007],[6.228625107000028,49.76715635900007],[6.221932,49.75973349900005],[6.211739428000044,49.75737311100005],[6.199549755000021,49.76101790300004],[6.182519318000061,49.760088831000076],[6.175781818000075,49.76254662900004],[6.171010774000024,49.76844463200007],[6.166637359000049,49.77385108200008],[6.159223,49.77339799900005],[6.161903935000055,49.780600563000064],[6.171010774000024,49.78289057200004],[6.184000645000026,49.78615701000007],[6.188503082000068,49.79834253400003],[6.196732,49.801795499000036],[6.215961686000071,49.79095939300004],[6.229873499000064,49.79605181100004],[6.235577500000034,49.791840999000044]]]}},{"type":"Feature","properties":{"GISCO_ID":"LU_0407","CNTR_CODE":"LU","LAU_ID":"0407","LAU_NAME":"Lintgen","POP_2021":3235.0,"POP_DENS_2021":209.76715261,"AREA_KM2":15.42186162,"YEAR":2021},"geometry":{"type":"Polygon","coordinates":[[[6.176045,49.72243749900008],[6.171010774000024,49.72144544000008],[6.167955311000071,49.720843322000064],[6.160588792000055,49.71491402500004],[6.139483324000025,49.712677960000065],[6.120266361000063,49.704692597000076],[6.104972,49.705620999000075],[6.104869360000066,49.71703261600004],[6.100245556000061,49.722428395000065],[6.105404766000049,49.73181493700008],[6.103977612000051,49.738589922000074],[6.11136381700004,49.73778772700007],[6.12058329000007,49.72672187300003],[6.129674630000068,49.72904145900003],[6.157051,49.74458449900004],[6.171010774000024,49.743255943000065],[6.183216731000073,49.730300283000076],[6.176045,49.72243749900008]]]}},{"type":"Feature","properties":{"GISCO_ID":"LU_0408","CNTR_CODE":"LU","LAU_ID":"0408","LAU_NAME":"Lorentzweiler","POP_2021":4348.0,"POP_DENS_2021":246.07291817,"AREA_KM2":17.66955922,"YEAR":2021},"geometry":{"type":"Polygon","coordinates":[[[6.090145500000062,49.685332499000026],[6.090855,49.693061999000065],[6.094784442000048,49.700217415000054],[6.104972,49.705620999000075],[6.120266361000063,49.704692597000076],[6.139483324000025,49.712677960000065],[6.160588792000055,49.71491402500004],[6.167955311000071,49.720843322000064],[6.171010774000024,49.72144544000008],[6.176045,49.72243749900008],[6.184893,49.71458299900007],[6.186953015000029,49.70706380300004],[6.180340676000071,49.69638246400007],[6.181700693000039,49.69233807900008],[6.171010774000024,49.68694947000006],[6.169031,49.685951499000055],[6.14669845800006,49.681656374000056],[6.135215980000055,49.68337251300005],[6.132022953000046,49.68951541600006],[6.12465820500006,49.69173584200007],[6.090145500000062,49.685332499000026]]]}},{"type":"Feature","properties":{"GISCO_ID":"LU_0409","CNTR_CODE":"LU","LAU_ID":"0409","LAU_NAME":"Mersch","POP_2021":10018.0,"POP_DENS_2021":202.41016589,"AREA_KM2":49.49356153,"YEAR":2021},"geometry":{"type":"Polygon","coordinates":[[[6.101682500000038,49.78898299900004],[6.10747,49.79127149900006],[6.123994977000052,49.78846322000004],[6.133404213000063,49.78973537400003],[6.152276500000028,49.771077999000056],[6.153394761000072,49.76851314400005],[6.142885644000046,49.75346219200003],[6.14733958000005,49.749795808000044],[6.158073241000068,49.752610133000076],[6.157051,49.74458449900004],[6.129674630000068,49.72904145900003],[6.12058329000007,49.72672187300003],[6.11136381700004,49.73778772700007],[6.103977612000051,49.738589922000074],[6.105404766000049,49.73181493700008],[6.100245556000061,49.722428395000065],[6.104869360000066,49.71703261600004],[6.104972,49.705620999000075],[6.094784442000048,49.700217415000054],[6.090855,49.693061999000065],[6.089148640000076,49.69832687000007],[6.076086715000031,49.69478244800007],[6.07202,49.69882749900006],[6.080917692000071,49.71485483500004],[6.067327976000058,49.723979271000076],[6.05881120600003,49.72207872400003],[6.054531465000025,49.727691572000026],[6.041528904000074,49.73523439300004],[6.038005553000062,49.74367704300005],[6.043597479000027,49.75200370600004],[6.041312667000057,49.760877479000044],[6.044323500000075,49.76396049900006],[6.060791821000066,49.77085562900004],[6.076671523000073,49.76836088700003],[6.08231956000003,49.77434688000005],[6.096223854000073,49.77894603300007],[6.097211499000025,49.785129719000054],[6.101682500000038,49.78898299900004]]]}},{"type":"Feature","properties":{"GISCO_ID":"LU_0410","CNTR_CODE":"LU","LAU_ID":"0410","LAU_NAME":"Nommern","POP_2021":1439.0,"POP_DENS_2021":63.44374855,"AREA_KM2":22.68150973,"YEAR":2021},"geometry":{"type":"Polygon","coordinates":[[[6.10747,49.79127149900006],[6.106082314000048,49.79278978000008],[6.115094275000047,49.80111455500003],[6.10933650000004,49.81037999900008],[6.145716,49.826737999000045],[6.152554316000021,49.81895093700007],[6.162956586000064,49.822334037000076],[6.171010774000024,49.82235102700008],[6.187407266000037,49.822385616000076],[6.190859350000039,49.812509549000026],[6.189667491000023,49.806527370000026],[6.196732,49.801795499000036],[6.188503082000068,49.79834253400003],[6.184000645000026,49.78615701000007],[6.171010774000024,49.78289057200004],[6.161903935000055,49.780600563000064],[6.159223,49.77339799900005],[6.156861500000048,49.77210799900007],[6.152276500000028,49.771077999000056],[6.133404213000063,49.78973537400003],[6.123994977000052,49.78846322000004],[6.10747,49.79127149900006]]]}},{"type":"Feature","properties":{"GISCO_ID":"LU_0501","CNTR_CODE":"LU","LAU_ID":"0501","LAU_NAME":"Clervaux","POP_2021":5605.0,"POP_DENS_2021":65.43799497,"AREA_KM2":85.65360236,"YEAR":2021},"geometry":{"type":"Polygon","coordinates":[[[6.128407,50.117184999000074],[6.129801503000067,50.11453604500008],[6.134326282000075,50.11293189000003],[6.131332061000023,50.108025661000056],[6.134661680000022,50.10354191700003],[6.127445428000044,50.102166864000026],[6.12582872400003,50.10036063100006],[6.132035174000066,50.09323997300004],[6.121198648000075,50.09230980400008],[6.119697193000036,50.088197379000064],[6.121802631000037,50.08164290700006],[6.11697627500007,50.07480342000008],[6.120290684000054,50.07273355700005],[6.125226536000071,50.076485224000066],[6.128591413000038,50.07315572500005],[6.122014505000038,50.068788838000046],[6.120096035000074,50.06508960900004],[6.113851500000067,50.06416149900008],[6.113301209000042,50.05934424600008],[6.116835500000036,50.056710999000074],[6.098069294000027,50.047246751000046],[6.071586258000025,50.043416895000064],[6.059673277000059,50.03072720700004],[6.05413397600006,50.033499120000045],[6.04748144000007,50.02243419500007],[6.037023884000064,50.01603942100007],[6.041130732000056,50.011353737000036],[6.038447204000022,50.00842625000007],[6.040102,50.00553799900007],[6.03243180000004,50.00051067000004],[6.021218499000042,49.999988590000044],[6.010571552000044,50.00360494800003],[6.003937245000031,50.011163974000056],[5.983588775000044,50.01854442900003],[5.976588,50.017940499000076],[5.977037983000059,50.022425404000046],[5.970802737000042,50.02663777600003],[5.971510289000037,50.03158855400005],[5.966191500000036,50.03197249900006],[5.961723212000038,50.03399255100004],[5.958248593000064,50.04098430800008],[5.968609512000057,50.04327471600004],[5.977162632000045,50.05472225800003],[5.981747380000058,50.054764919000036],[5.986614393000025,50.06671946000006],[6.006964083000071,50.072073239000076],[6.010352524000041,50.07133777000007],[6.020866322000074,50.069055726000045],[6.025398090000067,50.07841934000004],[6.030740471000058,50.082593545000066],[6.026932,50.09433799900006],[6.055959638000047,50.099583833000054],[6.074727236000058,50.10981085600008],[6.08275334700005,50.119115683000075],[6.112317500000074,50.13611999900007],[6.137662500000033,50.12995149900007],[6.128407,50.117184999000074]],[[6.056003215000032,50.03762370000004],[6.059830403000035,50.03519252000007],[6.064238616000068,50.038367909000044],[6.060552235000046,50.04015714900004],[6.056003215000032,50.03762370000004]]]}},{"type":"Feature","properties":{"GISCO_ID":"LU_0502","CNTR_CODE":"LU","LAU_ID":"0502","LAU_NAME":"Wincrange","POP_2021":4574.0,"POP_DENS_2021":40.19175516,"AREA_KM2":113.80443531,"YEAR":2021},"geometry":{"type":"Polygon","coordinates":[[[5.95415550000007,50.13019849900007],[5.956060270000023,50.11806540500004],[5.963370441000052,50.10862842700004],[5.984619015000021,50.11415120300006],[6.009853,50.10654899900004],[6.006820137000034,50.10221119800008],[6.008176334000041,50.09818372600006],[6.010352524000041,50.09773751200004],[6.026932,50.09433799900006],[6.030740471000058,50.082593545000066],[6.025398090000067,50.07841934000004],[6.020866322000074,50.069055726000045],[6.010352524000041,50.07133777000007],[6.006964083000071,50.072073239000076],[5.986614393000025,50.06671946000006],[5.981747380000058,50.054764919000036],[5.977162632000045,50.05472225800003],[5.968609512000057,50.04327471600004],[5.958248593000064,50.04098430800008],[5.961723212000038,50.03399255100004],[5.966191500000036,50.03197249900006],[5.958466723000072,50.027880957000036],[5.945183564000047,50.02599436300005],[5.935998496000025,50.01998763100005],[5.933496578000074,50.02149439900006],[5.92860526100003,50.02444017100004],[5.924534032000054,50.01485263600006],[5.927272522000067,50.009324227000036],[5.921574834000069,50.00818248200005],[5.908279500000049,49.995667499000035],[5.889700105000031,49.99233691300003],[5.870957446000034,49.99953067000007],[5.869031957000061,49.99019054300004],[5.84023250000007,49.98937249900007],[5.823606536000057,49.99827656900004],[5.820668645000069,50.01161293600006],[5.849532909000061,50.02218111500008],[5.858145690000072,50.02985834300006],[5.858927811000058,50.03715179300008],[5.868489252000074,50.04664299800004],[5.857112919000031,50.05678234700008],[5.856644,50.06163299900004],[5.859712406000028,50.067786468000065],[5.869031957000061,50.07369620800006],[5.886553319000029,50.080063],[5.88681755600004,50.090737929000056],[5.89428056600002,50.10173410200008],[5.895269,50.112216499000056],[5.913025878000042,50.12118142300005],[5.933496578000074,50.12566932800007],[5.95415550000007,50.13019849900007]]]}}]}